,cases,todayCases,deaths,todayDeaths,recovered,active,critical,timestamp
0,62,0,0,0,0,62,0,2020-03-17T21:00:00.200Z
1,62,0,0,0,0,62,0,2020-03-17T22:00:00.182Z
2,85,21,0,0,0,85,0,2020-03-17T23:00:00.171Z
3,85,21,0,0,0,85,0,2020-03-18T00:00:00.193Z
4,85,21,0,0,0,85,0,2020-03-18T01:00:00.205Z
5,85,21,0,0,0,85,0,2020-03-18T02:00:00.195Z
6,85,21,0,0,0,85,0,2020-03-18T03:00:00.182Z
7,85,21,0,0,0,85,0,2020-03-18T04:00:00.190Z
8,85,0,0,0,0,85,0,2020-03-18T05:00:00.147Z
9,85,0,0,0,0,85,0,2020-03-18T06:00:00.205Z
10,85,0,0,0,0,85,0,2020-03-18T07:00:00.215Z
11,116,31,0,0,0,116,0,2020-03-18T08:00:00.192Z
12,116,31,0,0,0,116,0,2020-03-18T09:00:00.167Z
13,116,31,0,0,0,116,0,2020-03-18T10:00:00.221Z
14,116,31,0,0,0,116,0,2020-03-18T11:00:00.223Z
15,116,31,0,0,0,116,0,2020-03-18T12:00:00.202Z
16,116,31,0,0,0,116,0,2020-03-18T13:00:00.296Z
17,116,31,0,0,0,116,0,2020-03-18T14:00:00.178Z
18,116,31,0,0,0,116,0,2020-03-18T15:00:00.169Z
19,116,31,0,0,0,116,0,2020-03-18T16:00:00.171Z
20,116,31,0,0,0,116,0,2020-03-18T18:00:00.155Z
21,116,31,0,0,0,116,0,2020-03-18T19:00:00.206Z
22,116,31,0,0,0,116,0,2020-03-18T20:00:00.199Z
23,116,31,0,0,0,116,0,2020-03-18T21:00:00.171Z
24,116,31,0,0,0,116,0,2020-03-18T22:00:00.161Z
25,116,31,0,0,0,116,0,2020-03-18T23:00:00.188Z
26,116,31,0,0,0,116,0,2020-03-19T00:00:00.179Z
27,116,31,0,0,0,116,0,2020-03-19T02:00:00.181Z
28,116,0,0,0,0,116,0,2020-03-19T03:00:00.192Z
29,116,0,0,0,0,116,0,2020-03-19T04:00:00.162Z
30,116,0,0,0,0,116,0,2020-03-19T05:00:00.163Z
31,116,0,0,0,0,116,0,2020-03-19T06:00:00.187Z
32,116,0,0,0,0,116,0,2020-03-19T07:00:00.203Z
33,116,0,0,0,0,116,0,2020-03-19T08:00:00.151Z
34,116,0,0,0,0,116,0,2020-03-19T09:00:00.176Z
35,116,0,0,0,0,116,0,2020-03-19T10:00:00.153Z
36,116,0,0,0,0,116,0,2020-03-19T11:00:00.150Z
37,116,0,0,0,0,116,0,2020-03-19T12:00:00.164Z
38,150,34,0,0,0,150,0,2020-03-19T13:00:00.237Z
39,150,34,0,0,0,150,0,2020-03-19T14:00:00.221Z
40,150,34,0,0,0,150,0,2020-03-19T15:00:00.230Z
41,150,34,0,0,0,150,0,2020-03-19T16:00:00.167Z
42,150,34,0,0,0,150,0,2020-03-19T17:00:00.204Z
43,150,34,0,0,0,150,0,2020-03-19T18:00:00.211Z
44,150,34,0,0,0,150,0,2020-03-19T19:00:00.159Z
45,150,34,0,0,0,150,0,2020-03-19T20:00:00.204Z
46,150,34,0,0,0,150,0,2020-03-19T21:00:00.186Z
47,150,34,0,0,0,150,0,2020-03-19T22:00:00.164Z
48,150,34,0,0,0,150,0,2020-03-19T23:00:00.156Z
49,150,34,0,0,0,150,0,2020-03-20T00:00:00.158Z
50,150,34,0,0,0,150,0,2020-03-20T01:00:00.190Z
51,150,34,0,0,0,150,0,2020-03-20T02:00:00.192Z
52,150,0,0,0,0,150,0,2020-03-20T03:00:00.182Z
53,150,0,0,0,0,150,0,2020-03-20T04:00:00.171Z
54,150,0,0,0,0,150,0,2020-03-20T05:00:00.194Z
55,150,0,0,0,0,150,0,2020-03-20T06:00:00.205Z
56,150,0,0,0,0,150,0,2020-03-20T07:00:00.169Z
57,150,0,0,0,0,150,0,2020-03-20T08:00:00.196Z
58,150,0,0,0,0,150,0,2020-03-20T09:00:00.198Z
59,202,52,0,0,0,202,0,2020-03-20T10:00:00.190Z
60,202,52,0,0,0,202,0,2020-03-20T11:00:00.232Z
61,202,52,0,0,0,202,0,2020-03-20T12:00:00.201Z
62,202,52,0,0,0,202,0,2020-03-20T13:00:00.163Z
63,202,52,0,0,0,202,0,2020-03-20T14:00:00.198Z
64,202,52,0,0,0,202,0,2020-03-20T15:00:00.179Z
65,202,52,0,0,0,202,0,2020-03-20T16:00:00.199Z
66,202,52,0,0,0,202,0,2020-03-20T17:00:00.206Z
67,202,52,0,0,0,202,0,2020-03-20T18:00:00.200Z
68,202,52,0,0,0,202,0,2020-03-20T19:00:00.161Z
69,202,52,0,0,0,202,0,2020-03-20T20:00:00.238Z
70,202,52,0,0,0,202,0,2020-03-20T21:00:00.224Z
71,202,52,0,0,0,202,0,2020-03-20T22:00:00.195Z
72,202,52,0,0,0,202,0,2020-03-20T23:00:00.214Z
73,202,52,0,0,0,202,0,2020-03-21T00:00:00.178Z
74,202,52,0,0,0,202,0,2020-03-21T01:00:00.219Z
75,202,52,0,0,0,202,0,2020-03-21T02:00:00.174Z
76,202,52,0,0,0,202,0,2020-03-21T03:00:00.168Z
77,202,0,0,0,0,202,0,2020-03-21T04:00:00.250Z
78,202,0,0,0,0,202,0,2020-03-21T05:00:00.211Z
79,202,0,0,0,0,202,0,2020-03-21T06:00:00.188Z
80,202,0,0,0,0,202,0,2020-03-21T07:00:00.162Z
81,202,0,0,0,0,202,0,2020-03-21T08:00:00.162Z
82,202,0,0,0,0,202,0,2020-03-21T09:00:00.202Z
83,240,38,0,0,1,239,0,2020-03-21T10:00:00.183Z
84,240,38,0,0,1,239,0,2020-03-21T11:00:00.229Z
85,240,38,0,0,1,239,0,2020-03-21T12:00:00.227Z
86,240,38,0,0,2,238,0,2020-03-21T13:00:00.182Z
87,240,38,0,0,2,238,0,2020-03-21T14:00:00.179Z
88,240,38,0,0,2,238,0,2020-03-21T15:00:00.205Z
89,240,38,0,0,2,238,0,2020-03-21T16:00:00.171Z
90,240,38,0,0,2,238,0,2020-03-21T17:00:00.230Z
91,240,38,0,0,2,238,0,2020-03-21T18:00:00.232Z
92,240,38,0,0,2,238,0,2020-03-21T19:00:00.189Z
93,240,38,0,0,2,238,0,2020-03-21T20:00:00.207Z
94,240,38,0,0,2,238,0,2020-03-21T21:00:00.185Z
95,240,38,0,0,2,238,0,2020-03-21T22:00:00.201Z
96,240,38,0,0,2,238,0,2020-03-21T23:00:00.163Z
97,240,38,0,0,2,238,0,2020-03-22T00:00:00.178Z
98,240,38,0,0,2,238,0,2020-03-22T01:00:00.171Z
99,240,38,0,0,2,238,0,2020-03-22T02:00:00.155Z
100,240,38,0,0,2,238,0,2020-03-22T03:00:00.209Z
101,240,0,0,0,2,238,0,2020-03-22T04:00:00.179Z
102,240,0,0,0,2,238,0,2020-03-22T05:00:00.186Z
103,240,0,0,0,2,238,0,2020-03-22T06:00:00.205Z
104,240,0,0,0,2,238,0,2020-03-22T07:00:00.207Z
105,240,0,0,0,2,238,0,2020-03-22T08:00:00.189Z
106,240,0,0,0,2,238,0,2020-03-22T09:00:00.190Z
107,240,0,0,0,2,238,0,2020-03-22T10:00:00.231Z
108,240,0,0,0,2,238,0,2020-03-22T11:00:00.202Z
109,240,0,0,0,2,238,0,2020-03-22T12:00:00.191Z
110,240,0,0,0,2,238,0,2020-03-22T13:00:00.168Z
111,240,0,0,0,2,238,0,2020-03-22T14:00:00.211Z
112,240,0,0,0,2,238,0,2020-03-22T15:00:00.223Z
113,240,0,0,0,2,238,0,2020-03-22T16:00:00.200Z
114,240,0,0,0,2,238,0,2020-03-22T17:00:00.225Z
115,240,0,0,0,2,238,0,2020-03-22T18:00:00.197Z
116,274,34,0,0,2,272,0,2020-03-22T19:00:00.200Z
117,274,34,0,0,2,272,0,2020-03-22T20:00:00.155Z
118,274,34,0,0,2,272,0,2020-03-22T21:00:00.157Z
119,274,34,0,0,2,272,0,2020-03-22T22:00:00.183Z
120,274,34,0,0,2,272,0,2020-03-22T23:00:00.192Z
121,274,34,0,0,2,272,0,2020-03-23T00:00:00.227Z
122,274,34,0,0,2,272,0,2020-03-23T01:00:00.150Z
123,274,34,0,0,2,272,0,2020-03-23T02:00:00.278Z
124,274,0,0,0,2,272,0,2020-03-23T03:00:00.195Z
125,402,128,0,0,4,398,0,2020-03-23T20:00:00.171Z
126,402,128,0,0,4,398,0,2020-03-23T21:00:00.241Z
127,402,128,0,0,4,398,0,2020-03-23T22:00:00.191Z
128,402,128,0,0,4,398,0,2020-03-23T23:00:00.193Z
129,402,128,0,0,4,398,0,2020-03-24T00:00:00.225Z
130,402,128,0,0,4,398,0,2020-03-24T01:00:00.213Z
131,402,128,0,0,4,398,0,2020-03-24T02:00:00.233Z
132,402,0,0,0,4,398,0,2020-03-24T03:00:00.172Z
133,402,0,0,0,4,398,0,2020-03-24T04:00:00.243Z
134,402,0,0,0,4,398,0,2020-03-24T05:00:00.217Z
135,402,0,0,0,4,398,0,2020-03-24T06:00:00.208Z
136,402,0,0,0,4,398,0,2020-03-24T07:00:00.168Z
137,402,0,0,0,4,398,0,2020-03-24T08:00:00.226Z
138,554,152,0,0,4,550,0,2020-03-24T09:00:00.223Z
139,554,152,0,0,4,550,0,2020-03-24T10:00:00.276Z
140,554,152,0,0,4,550,2,2020-03-24T11:00:00.202Z
141,554,152,0,0,4,550,2,2020-03-24T12:00:00.194Z
142,554,152,0,0,4,550,2,2020-03-24T13:00:00.235Z
143,554,152,0,0,4,550,2,2020-03-24T14:00:00.228Z
144,554,152,0,0,4,550,2,2020-03-24T15:00:00.223Z
145,554,152,0,0,4,550,2,2020-03-24T16:00:00.180Z
146,554,152,0,0,4,550,2,2020-03-24T17:00:00.204Z
147,554,152,0,0,4,550,2,2020-03-24T18:00:00.207Z
148,554,152,0,0,4,550,2,2020-03-24T19:00:00.195Z
149,554,152,0,0,4,550,2,2020-03-24T20:00:00.195Z
150,554,152,0,0,4,550,2,2020-03-24T21:00:00.225Z
151,554,152,0,0,4,550,2,2020-03-24T22:00:00.228Z
152,554,152,0,0,4,550,2,2020-03-24T23:00:00.194Z
153,554,152,0,0,4,550,2,2020-03-25T00:00:00.196Z
154,554,152,0,0,4,550,2,2020-03-25T01:00:00.156Z
155,554,152,0,0,4,550,2,2020-03-25T02:00:00.242Z
156,554,0,0,0,4,550,2,2020-03-25T03:00:00.160Z
157,554,0,0,0,4,550,2,2020-03-25T04:00:00.238Z
158,554,0,0,0,4,550,2,2020-03-25T05:00:00.189Z
159,554,0,0,0,4,550,2,2020-03-25T06:00:00.200Z
160,709,155,0,0,4,705,2,2020-03-25T07:00:00.170Z
161,709,155,0,0,4,705,2,2020-03-25T08:00:00.212Z
162,709,155,0,0,4,705,2,2020-03-25T09:00:00.232Z
163,709,155,0,0,4,705,2,2020-03-25T10:00:00.218Z
164,709,155,0,0,4,705,2,2020-03-25T11:00:00.273Z
165,709,155,0,0,12,697,2,2020-03-25T12:00:00.220Z
166,709,155,0,0,12,697,2,2020-03-25T13:00:00.164Z
167,709,155,0,0,12,697,2,2020-03-25T14:00:00.245Z
168,709,155,0,0,12,697,2,2020-03-25T15:00:00.222Z
169,709,155,0,0,12,697,2,2020-03-25T16:00:00.201Z
170,709,155,0,0,12,697,2,2020-03-25T17:00:00.205Z
171,709,155,0,0,12,697,2,2020-03-25T18:00:00.228Z
172,709,155,0,0,12,697,2,2020-03-25T19:00:00.188Z
173,709,155,0,0,12,697,2,2020-03-25T20:00:00.192Z
174,709,155,0,0,12,697,2,2020-03-25T21:00:00.194Z
175,709,155,0,0,12,697,2,2020-03-25T22:00:00.242Z
176,709,155,0,0,12,697,2,2020-03-25T23:00:00.162Z
177,709,155,0,0,12,697,2,2020-03-26T00:00:00.190Z
178,709,155,0,0,12,697,2,2020-03-26T01:00:00.220Z
179,709,155,0,0,12,697,2,2020-03-26T02:00:00.198Z
180,709,155,0,0,12,697,2,2020-03-26T03:00:00.216Z
181,709,0,0,0,12,697,2,2020-03-26T04:00:00.161Z
182,709,0,0,0,12,697,2,2020-03-26T05:00:00.183Z
183,709,0,0,0,12,697,2,2020-03-26T06:00:00.223Z
184,709,0,0,0,12,697,2,2020-03-26T07:00:00.220Z
185,709,0,0,0,12,697,2,2020-03-26T08:00:00.230Z
186,709,0,0,0,12,697,2,2020-03-26T09:00:00.210Z
187,709,0,0,0,12,697,2,2020-03-26T10:00:00.222Z
188,709,0,0,0,12,697,2,2020-03-26T11:00:00.437Z
189,709,0,0,0,12,697,2,2020-03-26T12:00:00.221Z
190,709,0,0,0,12,697,2,2020-03-26T13:00:00.374Z
191,709,0,0,0,12,697,2,2020-03-26T14:00:00.333Z
192,709,0,0,0,12,697,2,2020-03-26T15:00:00.188Z
193,927,218,0,0,12,915,2,2020-03-26T16:00:00.314Z
194,927,218,0,0,12,915,2,2020-03-26T17:00:00.260Z
195,927,218,0,0,12,915,2,2020-03-26T18:00:00.506Z
196,927,218,0,0,12,915,2,2020-03-26T19:00:01.083Z
197,927,218,0,0,12,915,2,2020-03-26T20:00:01.124Z
198,927,218,0,0,12,915,2,2020-03-26T21:00:00.185Z
199,927,218,0,0,12,915,2,2020-03-26T22:00:00.170Z
200,927,218,0,0,12,915,2,2020-03-26T23:00:00.995Z
201,927,218,0,0,12,915,2,2020-03-27T00:00:00.195Z
202,927,218,0,0,12,915,2,2020-03-27T01:00:00.216Z
203,927,218,0,0,12,915,2,2020-03-27T02:00:00.218Z
204,927,0,0,0,12,915,2,2020-03-27T03:00:00.192Z
205,927,0,0,0,12,915,2,2020-03-27T04:00:00.209Z
206,927,0,0,0,12,915,2,2020-03-27T05:00:00.182Z
207,927,0,0,0,12,915,2,2020-03-27T06:00:00.188Z
208,927,0,0,0,12,915,7,2020-03-27T07:00:00.218Z
209,927,0,2,2,12,913,7,2020-03-27T08:00:00.204Z
210,927,0,2,2,12,913,7,2020-03-27T09:00:00.220Z
211,927,0,2,2,12,913,7,2020-03-27T10:00:00.200Z
212,927,0,2,2,12,913,7,2020-03-27T11:00:00.163Z
213,927,0,2,2,12,913,7,2020-03-27T12:00:00.246Z
214,927,0,2,2,12,913,7,2020-03-27T13:00:00.205Z
215,927,0,2,2,12,913,7,2020-03-27T14:00:00.256Z
216,927,0,2,2,12,913,7,2020-03-27T15:00:00.173Z
217,927,0,2,2,12,913,7,2020-03-27T16:00:00.168Z
218,1170,243,2,2,12,1156,7,2020-03-27T17:00:00.223Z
219,1170,243,2,2,12,1156,7,2020-03-27T18:00:00.236Z
220,1170,243,2,2,12,1156,7,2020-03-27T19:00:00.194Z
221,1170,243,1,1,12,1157,7,2020-03-27T21:00:00.202Z
222,1170,243,1,1,31,1138,7,2020-03-27T22:00:00.191Z
223,1170,243,1,1,31,1138,7,2020-03-27T23:00:00.159Z
224,1170,243,1,1,31,1138,7,2020-03-28T01:00:00.213Z
225,1170,0,1,0,31,1138,7,2020-03-28T02:00:00.191Z
226,1170,0,1,0,31,1138,7,2020-03-28T03:00:00.225Z
227,1170,0,1,0,31,1138,7,2020-03-28T04:00:00.185Z
228,1170,0,1,0,31,1138,7,2020-03-28T05:00:00.200Z
229,1170,0,1,0,31,1138,7,2020-03-28T06:00:00.211Z
230,1170,0,1,0,31,1138,7,2020-03-28T07:00:00.169Z
231,1170,0,1,0,31,1138,7,2020-03-28T08:00:00.299Z
232,1170,0,1,0,31,1138,7,2020-03-28T09:00:00.204Z
233,1170,0,1,0,31,1138,7,2020-03-28T10:00:00.214Z
234,1170,0,1,0,31,1138,7,2020-03-28T11:00:00.224Z
235,1170,0,1,0,31,1138,7,2020-03-28T12:00:00.174Z
236,1170,0,1,0,31,1138,7,2020-03-28T13:00:00.241Z
237,1170,0,1,0,31,1138,7,2020-03-28T14:00:00.191Z
238,1170,0,1,0,31,1138,7,2020-03-28T15:00:00.156Z
239,1170,0,1,0,31,1138,7,2020-03-28T16:00:00.197Z
240,1170,0,1,0,31,1138,7,2020-03-28T17:00:00.219Z
241,1170,0,2,0,31,1137,7,2020-03-28T18:00:00.163Z
242,1187,17,2,0,31,1154,7,2020-03-28T19:00:00.196Z
243,1187,17,2,0,31,1154,7,2020-03-28T20:00:00.230Z
244,1187,17,2,0,31,1154,7,2020-03-28T21:00:00.235Z
245,1187,17,1,0,31,1155,7,2020-03-28T22:00:00.193Z
246,1187,17,1,0,31,1155,7,2020-03-28T23:00:00.268Z
247,1187,17,1,0,31,1155,7,2020-03-29T00:00:00.161Z
248,1187,17,1,0,31,1155,7,2020-03-29T01:00:00.168Z
249,1187,0,1,0,31,1155,7,2020-03-29T02:00:00.246Z
250,1187,0,1,0,31,1155,7,2020-03-29T03:00:00.185Z
251,1187,0,1,0,31,1155,7,2020-03-29T04:00:00.185Z
252,1187,0,1,0,31,1155,7,2020-03-29T05:00:00.152Z
253,1187,0,1,0,31,1155,7,2020-03-29T06:00:00.228Z
254,1187,0,1,0,31,1155,7,2020-03-29T07:00:00.225Z
255,1187,0,1,0,31,1155,7,2020-03-29T08:00:00.239Z
256,1187,0,1,0,31,1155,7,2020-03-29T09:00:00.221Z
257,1187,0,1,0,31,1155,7,2020-03-29T10:00:00.238Z
258,1187,0,1,0,31,1155,7,2020-03-29T11:00:00.207Z
259,1187,0,1,0,31,1155,7,2020-03-29T12:00:00.163Z
260,1187,0,1,0,31,1155,7,2020-03-29T13:00:00.186Z
261,1187,0,1,0,31,1155,7,2020-03-29T14:00:00.169Z
262,1187,0,1,0,31,1155,7,2020-03-29T15:00:00.184Z
263,1187,0,1,0,31,1155,7,2020-03-29T16:00:00.175Z
264,1187,0,1,0,31,1155,7,2020-03-29T17:00:00.218Z
265,1187,0,1,0,31,1155,7,2020-03-29T18:00:00.177Z
266,1187,0,1,0,31,1155,7,2020-03-29T19:00:00.225Z
267,1280,93,2,1,31,1247,7,2020-03-29T20:00:00.161Z
268,1280,93,2,1,31,1247,7,2020-03-29T21:00:00.186Z
269,1280,93,2,1,31,1247,7,2020-03-29T22:00:00.218Z
270,1280,93,2,1,31,1247,7,2020-03-29T23:00:00.168Z
271,1280,93,2,1,31,1247,7,2020-03-30T00:00:00.188Z
272,1280,93,2,1,31,1247,7,2020-03-30T01:00:00.159Z
273,1280,93,2,1,31,1247,7,2020-03-30T02:00:00.190Z
274,1280,0,2,0,31,1247,7,2020-03-30T03:00:00.179Z
275,1280,0,2,0,31,1247,7,2020-03-30T04:00:00.226Z
276,1280,0,2,0,31,1247,7,2020-03-30T05:00:00.232Z
277,1280,0,2,0,31,1247,7,2020-03-30T06:00:00.188Z
278,1280,0,2,0,31,1247,7,2020-03-30T07:00:00.253Z
279,1280,0,2,0,31,1247,7,2020-03-30T08:00:00.231Z
280,1280,0,2,0,31,1247,7,2020-03-30T09:00:00.194Z
281,1280,0,2,0,31,1247,7,2020-03-30T10:00:00.222Z
282,1280,0,2,0,31,1247,7,2020-03-30T11:00:00.183Z
283,1280,0,2,0,31,1247,7,2020-03-30T12:00:00.225Z
284,1280,0,2,0,31,1247,7,2020-03-30T13:00:00.236Z
285,1280,0,2,0,31,1247,7,2020-03-30T14:00:00.235Z
286,1280,0,2,0,31,1247,7,2020-03-30T15:00:00.231Z
287,1280,0,2,0,31,1247,7,2020-03-30T16:00:00.186Z
288,1280,0,2,0,31,1247,7,2020-03-30T17:00:00.191Z
289,1326,46,3,1,31,1292,7,2020-03-30T18:00:00.193Z
290,1326,46,3,1,31,1292,7,2020-03-30T19:00:00.196Z
291,1326,46,3,1,31,1292,7,2020-03-30T20:00:00.199Z
292,1326,46,3,1,31,1292,7,2020-03-30T21:00:00.226Z
293,1326,46,3,1,31,1292,7,2020-03-30T22:00:00.200Z
294,1326,46,3,1,31,1292,7,2020-03-30T23:00:00.222Z
295,1326,46,3,1,31,1292,7,2020-03-31T00:00:00.174Z
296,1326,46,3,1,31,1292,7,2020-03-31T01:00:00.247Z
297,1326,0,3,0,31,1292,7,2020-03-31T02:00:00.214Z
298,1326,0,3,0,31,1292,7,2020-03-31T03:00:00.161Z
299,1326,0,3,0,31,1292,7,2020-03-31T04:00:00.164Z
300,1326,0,3,0,31,1292,7,2020-03-31T05:00:00.141Z
301,1326,0,3,0,31,1292,7,2020-03-31T06:00:00.194Z
302,1326,0,3,0,31,1292,7,2020-03-31T07:00:00.200Z
303,1326,0,3,0,31,1292,7,2020-03-31T08:00:00.158Z
304,1326,0,3,0,31,1292,7,2020-03-31T09:00:00.195Z
305,1326,0,3,0,31,1292,7,2020-03-31T10:00:00.225Z
306,1326,0,3,0,31,1292,7,2020-03-31T11:00:00.192Z
307,1326,0,3,0,31,1292,7,2020-03-31T12:00:00.232Z
308,1326,0,3,0,31,1292,7,2020-03-31T13:00:00.222Z
309,1326,0,3,0,31,1292,7,2020-03-31T14:00:00.160Z
310,1326,0,3,0,31,1292,7,2020-03-31T15:00:00.218Z
311,1353,27,3,0,31,1319,7,2020-03-31T16:00:00.201Z
312,1353,27,3,0,31,1319,7,2020-03-31T17:00:00.198Z
313,1353,27,3,0,31,1319,7,2020-03-31T18:00:00.191Z
314,1353,27,3,0,31,1319,7,2020-03-31T19:00:00.184Z
315,1353,27,3,0,31,1319,7,2020-03-31T20:00:00.192Z
316,1353,27,5,2,31,1317,7,2020-03-31T21:00:00.194Z
317,1353,27,5,2,31,1317,7,2020-03-31T22:00:00.214Z
318,1353,27,5,2,31,1317,7,2020-03-31T23:00:00.182Z
319,1353,27,5,2,31,1317,7,2020-04-01T00:00:00.195Z
320,1353,27,5,2,31,1317,7,2020-04-01T01:00:00.169Z
321,1353,27,5,2,31,1317,7,2020-04-01T02:00:00.229Z
322,1353,0,5,0,31,1317,7,2020-04-01T03:00:00.293Z
323,1353,0,5,0,31,1317,7,2020-04-01T04:00:00.207Z
324,1353,0,5,0,31,1317,7,2020-04-01T05:00:00.193Z
325,1353,0,5,0,31,1317,7,2020-04-01T06:00:00.238Z
326,1353,0,5,0,31,1317,7,2020-04-01T07:00:00.168Z
327,1353,0,5,0,50,1298,7,2020-04-01T08:00:00.229Z
328,1353,0,5,0,50,1298,7,2020-04-01T09:00:00.180Z
329,1353,0,5,0,50,1298,7,2020-04-01T10:00:00.218Z
330,1353,0,5,0,50,1298,7,2020-04-01T11:00:00.205Z
331,1353,0,5,0,50,1298,7,2020-04-01T12:00:00.241Z
332,1353,0,5,0,50,1298,7,2020-04-01T13:00:00.160Z
333,1353,0,5,0,50,1298,7,2020-04-01T14:00:00.203Z
334,1353,0,5,0,50,1298,7,2020-04-01T15:00:00.213Z
335,1353,0,5,0,50,1298,7,2020-04-01T16:00:00.193Z
336,1380,27,5,0,50,1325,7,2020-04-01T17:00:00.260Z
337,1380,27,5,0,50,1325,7,2020-04-01T18:00:00.201Z
338,1380,27,5,0,50,1325,7,2020-04-01T19:00:00.271Z
339,1380,27,5,0,50,1325,7,2020-04-01T20:00:00.209Z
340,1380,27,5,0,50,1325,7,2020-04-01T21:00:00.225Z
341,1380,27,5,0,50,1325,7,2020-04-01T22:00:00.168Z
342,1380,27,5,0,50,1325,7,2020-04-01T23:00:00.206Z
343,1380,27,5,0,50,1325,7,2020-04-02T00:00:00.182Z
344,1380,0,5,0,50,1325,7,2020-04-02T01:00:00.198Z
345,1380,0,5,0,50,1325,7,2020-04-02T02:00:00.212Z
346,1380,0,5,0,50,1325,7,2020-04-02T03:00:00.220Z
347,1380,0,5,0,50,1325,7,2020-04-02T05:00:00.195Z
348,1380,0,5,0,50,1325,7,2020-04-02T06:00:00.241Z
349,1380,0,5,0,50,1325,7,2020-04-02T07:00:00.229Z
350,1380,0,5,0,50,1325,7,2020-04-02T08:00:00.193Z
351,1380,0,5,0,50,1325,7,2020-04-02T09:00:00.199Z
352,1380,0,5,0,50,1325,7,2020-04-02T10:00:00.230Z
353,1380,0,5,0,50,1325,7,2020-04-02T11:00:00.212Z
354,1380,0,5,0,50,1325,7,2020-04-02T12:00:00.187Z
355,1380,0,5,0,50,1325,7,2020-04-02T13:00:00.259Z
356,1380,0,5,0,50,1325,7,2020-04-02T14:00:00.289Z
357,1380,0,5,0,50,1325,7,2020-04-02T15:00:00.212Z
358,1380,0,5,0,50,1325,7,2020-04-02T16:00:00.157Z
359,1380,0,5,0,50,1325,7,2020-04-02T17:00:00.191Z
360,1462,82,5,0,50,1407,7,2020-04-02T18:00:00.201Z
361,1462,82,5,0,50,1407,7,2020-04-02T19:00:00.210Z
362,1462,82,5,0,50,1407,7,2020-04-02T20:00:00.193Z
363,1462,82,5,0,50,1407,7,2020-04-02T21:00:00.223Z
364,1462,82,5,0,50,1407,7,2020-04-02T22:00:00.197Z
365,1462,82,5,0,50,1407,7,2020-04-02T23:00:00.227Z
366,1462,82,5,0,50,1407,7,2020-04-03T00:00:00.201Z
367,1462,0,5,0,50,1407,7,2020-04-03T01:00:00.159Z
368,1462,0,5,0,50,1407,7,2020-04-03T02:00:00.180Z
369,1462,0,5,0,50,1407,7,2020-04-03T03:00:00.233Z
370,1462,0,5,0,50,1407,7,2020-04-03T04:00:00.210Z
371,1462,0,5,0,50,1407,7,2020-04-03T05:00:00.168Z
372,1462,0,5,0,95,1362,7,2020-04-03T06:00:00.193Z
373,1462,0,5,0,95,1362,7,2020-04-03T07:00:00.261Z
374,1462,0,5,0,95,1362,7,2020-04-03T08:00:00.194Z
375,1462,0,5,0,95,1362,7,2020-04-03T09:00:00.278Z
376,1462,0,5,0,95,1362,7,2020-04-03T10:00:00.232Z
377,1462,0,5,0,95,1362,7,2020-04-03T11:00:00.181Z
378,1462,0,5,0,95,1362,7,2020-04-03T12:00:00.200Z
379,1462,0,5,0,95,1362,7,2020-04-03T13:00:00.170Z
380,1462,0,5,0,95,1362,7,2020-04-03T14:00:00.184Z
381,1462,0,5,0,95,1362,7,2020-04-03T15:00:00.219Z
382,1505,43,7,2,95,1403,7,2020-04-03T16:00:00.164Z
383,1505,43,7,2,95,1403,7,2020-04-03T17:00:00.180Z
384,1505,43,9,4,95,1401,7,2020-04-03T18:00:00.184Z
385,1505,43,9,4,95,1401,7,2020-04-03T19:00:00.196Z
386,1505,43,9,4,95,1401,7,2020-04-03T20:00:00.184Z
387,1505,43,9,4,95,1401,7,2020-04-03T21:00:00.211Z
388,1505,43,9,4,95,1401,7,2020-04-03T22:00:00.194Z
389,1505,43,9,4,95,1401,7,2020-04-03T23:00:00.148Z
390,1505,43,9,4,95,1401,7,2020-04-04T00:00:00.159Z
391,1505,43,9,4,95,1401,7,2020-04-04T01:00:00.181Z
392,1505,0,9,0,95,1401,7,2020-04-04T02:00:00.157Z
393,1505,0,9,0,95,1401,7,2020-04-04T03:00:00.217Z
394,1505,0,9,0,95,1401,7,2020-04-04T04:00:00.192Z
395,1505,0,9,0,95,1401,7,2020-04-04T05:00:00.173Z
396,1505,0,9,0,95,1401,7,2020-04-04T06:00:00.230Z
397,1505,0,9,0,95,1401,7,2020-04-04T07:00:00.159Z
398,1505,0,9,0,95,1401,7,2020-04-04T08:00:00.237Z
399,1505,0,9,0,95,1401,7,2020-04-04T09:00:00.162Z
400,1505,0,9,0,95,1401,7,2020-04-04T10:00:00.188Z
401,1505,0,9,0,95,1401,7,2020-04-04T11:00:00.185Z
402,1505,0,9,0,95,1401,7,2020-04-04T12:00:00.192Z
403,1505,0,9,0,95,1401,7,2020-04-04T13:00:00.162Z
404,1505,0,9,0,95,1401,7,2020-04-04T14:00:00.171Z
405,1505,0,9,0,95,1401,7,2020-04-04T15:00:00.216Z
406,1505,0,9,0,95,1401,7,2020-04-04T17:00:00.185Z
407,1505,0,9,0,95,1401,7,2020-04-04T18:00:00.199Z
408,1505,0,9,0,95,1401,7,2020-04-04T19:00:00.217Z
409,1585,80,9,0,95,1481,7,2020-04-04T20:00:00.225Z
410,1585,80,9,0,95,1481,7,2020-04-04T21:00:00.255Z
411,1585,80,9,0,95,1481,7,2020-04-04T22:00:00.199Z
412,1585,80,9,0,95,1481,7,2020-04-04T23:00:00.282Z
413,1585,80,9,0,95,1481,7,2020-04-05T00:00:00.238Z
414,1585,80,9,0,95,1481,7,2020-04-05T01:00:00.225Z
415,1585,0,9,0,95,1481,7,2020-04-05T02:00:00.235Z
416,1585,0,9,0,95,1481,7,2020-04-05T03:00:00.253Z
417,1585,0,9,0,95,1481,7,2020-04-05T04:00:00.216Z
418,1585,0,9,0,95,1481,7,2020-04-05T05:00:00.205Z
419,1585,0,9,0,95,1481,7,2020-04-05T06:00:00.228Z
420,1585,0,9,0,95,1481,7,2020-04-05T07:00:00.192Z
421,1585,0,9,0,95,1481,7,2020-04-05T08:00:00.185Z
422,1585,0,9,0,95,1481,7,2020-04-05T09:00:00.265Z
423,1585,0,9,0,95,1481,7,2020-04-05T10:00:00.194Z
424,1585,0,9,0,95,1481,7,2020-04-05T11:00:00.217Z
425,1585,0,9,0,95,1481,7,2020-04-05T12:00:00.222Z
426,1585,0,9,0,95,1481,7,2020-04-05T13:00:00.237Z
427,1585,0,9,0,95,1481,7,2020-04-05T14:00:00.188Z
428,1585,0,9,0,95,1481,7,2020-04-05T15:00:00.267Z
429,1585,0,9,0,95,1481,7,2020-04-05T16:00:00.225Z
430,1585,0,9,0,95,1481,7,2020-04-05T17:00:00.184Z
431,1585,0,9,0,95,1481,7,2020-04-05T18:00:00.263Z
432,1585,0,9,0,95,1481,7,2020-04-05T19:00:00.209Z
433,1655,70,11,2,95,1549,7,2020-04-05T20:00:00.205Z
434,1655,70,11,2,95,1549,7,2020-04-05T21:00:00.182Z
435,1655,70,11,2,95,1549,7,2020-04-05T22:00:00.224Z
436,1655,70,11,2,95,1549,7,2020-04-05T23:00:00.242Z
437,1655,70,11,2,95,1549,7,2020-04-06T00:00:00.264Z
438,1655,70,11,2,95,1549,7,2020-04-06T01:00:00.248Z
439,1655,0,11,0,95,1549,7,2020-04-06T02:00:00.174Z
440,1655,0,11,0,95,1549,7,2020-04-06T03:00:00.224Z
441,1655,0,11,0,95,1549,7,2020-04-06T04:00:00.232Z
442,1655,0,11,0,95,1549,7,2020-04-06T05:00:00.211Z
443,1655,0,11,0,95,1549,7,2020-04-06T06:00:00.185Z
444,1655,0,11,0,95,1549,7,2020-04-06T07:00:00.195Z
445,1655,0,11,0,95,1549,7,2020-04-06T08:00:00.215Z
446,1655,0,11,0,95,1549,7,2020-04-06T09:00:00.185Z
447,1655,0,11,0,95,1549,7,2020-04-06T10:00:00.208Z
448,1655,0,11,0,95,1549,7,2020-04-06T11:00:00.200Z
449,1655,0,11,0,95,1549,7,2020-04-06T12:00:00.177Z
450,1655,0,11,0,95,1549,7,2020-04-06T13:00:00.254Z
451,1655,0,11,0,95,1549,7,2020-04-06T14:00:00.186Z
452,1655,0,11,0,95,1549,7,2020-04-06T15:00:00.244Z
453,1655,0,11,0,95,1549,7,2020-04-06T16:00:00.242Z
454,1655,0,11,0,95,1549,7,2020-04-06T17:00:00.214Z
455,1655,0,11,0,95,1549,7,2020-04-06T18:00:00.238Z
456,1655,0,11,0,95,1549,7,2020-04-06T19:00:00.234Z
457,1686,31,12,1,95,1579,7,2020-04-06T20:00:00.193Z
458,1686,31,12,1,95,1579,7,2020-04-06T21:00:00.255Z
459,1686,31,12,1,95,1579,7,2020-04-06T22:00:00.261Z
460,1686,31,12,1,95,1579,7,2020-04-06T23:00:00.179Z
461,1686,31,12,1,95,1579,7,2020-04-07T00:00:00.256Z
462,1686,31,12,1,95,1579,7,2020-04-07T01:00:00.223Z
463,1686,0,12,0,95,1579,7,2020-04-07T02:00:00.207Z
464,1686,0,12,0,95,1579,7,2020-04-07T03:00:00.186Z
465,1686,0,12,0,95,1579,7,2020-04-07T04:00:00.182Z
466,1686,0,12,0,95,1579,7,2020-04-07T05:00:00.186Z
467,1686,0,12,0,95,1579,7,2020-04-07T06:00:00.160Z
468,1686,0,12,0,95,1579,7,2020-04-07T07:00:00.183Z
469,1686,0,12,0,95,1579,7,2020-04-07T08:00:00.216Z
470,1686,0,12,0,95,1579,7,2020-04-07T09:00:00.206Z
471,1686,0,12,0,95,1579,7,2020-04-07T10:00:00.254Z
472,1686,0,12,0,95,1579,7,2020-04-07T11:00:00.190Z
473,1686,0,12,0,95,1579,7,2020-04-07T12:00:00.271Z
474,1686,0,12,0,95,1579,7,2020-04-07T13:00:00.170Z
475,1749,63,13,1,95,1641,7,2020-04-07T14:00:00.457Z
476,1749,63,13,1,95,1641,7,2020-04-07T15:00:00.225Z
477,1749,63,13,1,95,1641,7,2020-04-07T16:00:00.212Z
478,1749,63,13,1,95,1641,7,2020-04-07T17:00:00.212Z
479,1749,63,13,1,95,1641,7,2020-04-07T18:00:00.170Z
480,1749,63,13,1,95,1641,7,2020-04-07T19:00:00.272Z
481,1749,63,13,1,95,1641,7,2020-04-07T20:00:00.213Z
482,1749,63,13,1,95,1641,7,2020-04-07T21:00:00.229Z
483,1749,63,13,1,95,1641,7,2020-04-07T22:00:00.235Z
484,1749,63,13,1,95,1641,7,2020-04-07T23:00:00.261Z
485,1749,63,13,1,95,1641,7,2020-04-08T00:00:00.336Z
486,1749,63,13,1,95,1641,7,2020-04-08T01:00:00.252Z
487,1749,0,13,0,95,1641,7,2020-04-08T02:00:00.184Z
488,1749,0,13,0,95,1641,7,2020-04-08T03:00:00.207Z
489,1749,0,13,0,95,1641,7,2020-04-08T04:00:00.266Z
490,1749,0,13,0,95,1641,7,2020-04-08T05:00:00.218Z
491,1749,0,13,0,95,1641,7,2020-04-08T06:00:00.257Z
492,1749,0,13,0,95,1641,7,2020-04-08T07:00:00.197Z
493,1749,0,13,0,95,1641,7,2020-04-08T08:00:00.244Z
494,1749,0,13,0,95,1641,7,2020-04-08T09:00:00.191Z
495,1749,0,13,0,95,1641,7,2020-04-08T10:00:00.225Z
496,1749,0,13,0,95,1641,7,2020-04-08T11:00:00.237Z
497,1749,0,13,0,95,1641,7,2020-04-08T12:00:00.194Z
498,1749,0,13,0,95,1641,7,2020-04-08T13:00:00.304Z
499,1749,0,13,0,95,1641,7,2020-04-08T14:00:00.209Z
500,1749,0,13,0,95,1641,7,2020-04-08T15:00:00.284Z
501,1749,0,13,0,95,1641,7,2020-04-08T16:00:00.210Z
502,1749,0,13,0,95,1641,7,2020-04-08T17:00:00.202Z
503,1749,0,13,0,95,1641,7,2020-04-08T18:00:00.356Z
504,1845,96,18,5,95,1732,7,2020-04-08T19:00:00.260Z
505,1845,96,18,5,95,1732,7,2020-04-08T20:00:00.212Z
506,1845,96,18,5,95,1732,7,2020-04-08T21:00:00.181Z
507,1845,96,18,5,95,1732,7,2020-04-08T22:00:00.244Z
508,1845,96,18,5,95,1732,7,2020-04-08T23:00:00.261Z
509,1845,96,18,5,95,1732,7,2020-04-09T00:00:00.188Z
510,1845,96,18,5,95,1732,7,2020-04-09T01:00:00.206Z
511,1845,96,18,5,95,1732,7,2020-04-09T02:00:00.208Z
512,1845,0,18,0,95,1732,7,2020-04-09T03:00:00.217Z
513,1845,0,18,0,95,1732,7,2020-04-09T04:00:00.196Z
514,1845,0,18,0,95,1732,7,2020-04-09T05:00:00.235Z
515,1845,0,18,0,95,1732,7,2020-04-09T06:00:00.213Z
516,1845,0,18,0,95,1732,7,2020-04-09T07:00:00.236Z
517,1845,0,18,0,95,1732,7,2020-04-09T08:00:00.226Z
518,1845,0,18,0,95,1732,7,2020-04-09T09:00:00.169Z
519,1845,0,18,0,95,1732,7,2020-04-09T10:00:00.223Z
520,1845,0,18,0,95,1732,7,2020-04-09T11:00:00.251Z
521,1845,0,18,0,95,1732,7,2020-04-09T12:00:00.217Z
522,1845,0,18,0,95,1732,7,2020-04-09T13:00:00.235Z
523,1845,0,18,0,95,1732,7,2020-04-09T14:00:00.258Z
524,1845,0,18,0,95,1732,7,2020-04-09T15:00:00.233Z
525,1845,0,18,0,95,1732,7,2020-04-09T16:00:00.189Z
526,1845,0,18,0,95,1732,7,2020-04-09T17:00:00.220Z
527,1845,0,18,0,95,1732,7,2020-04-09T18:00:00.233Z
528,1934,89,18,0,95,1821,7,2020-04-09T19:00:00.222Z
529,1934,89,18,0,95,1821,7,2020-04-09T20:00:00.280Z
530,1934,89,18,0,95,1821,7,2020-04-09T21:00:00.285Z
531,1934,89,18,0,95,1821,7,2020-04-09T22:00:00.225Z
532,1934,89,18,0,95,1821,7,2020-04-09T23:00:00.181Z
533,1934,89,18,0,95,1821,7,2020-04-10T00:00:00.213Z
534,1934,0,18,0,95,1821,7,2020-04-10T01:00:00.222Z
535,1934,0,18,0,95,1821,7,2020-04-10T02:00:00.253Z
536,1934,0,18,0,95,1821,7,2020-04-10T03:00:00.163Z
537,1934,0,18,0,95,1821,7,2020-04-10T04:00:00.193Z
538,1934,0,18,0,95,1821,7,2020-04-10T05:00:00.208Z
539,1934,0,18,0,95,1821,7,2020-04-10T06:00:00.206Z
540,1934,0,18,0,95,1821,7,2020-04-10T07:00:00.200Z
541,1934,0,18,0,95,1821,7,2020-04-10T08:00:00.251Z
542,1934,0,18,0,95,1821,7,2020-04-10T09:00:00.227Z
543,1934,0,18,0,95,1821,7,2020-04-10T10:00:00.231Z
544,1934,0,18,0,95,1821,7,2020-04-10T11:00:00.181Z
545,1934,0,18,0,95,1821,7,2020-04-10T12:00:00.271Z
546,2003,69,24,6,410,1569,7,2020-04-10T13:00:00.218Z
547,2003,69,24,6,410,1569,7,2020-04-10T14:00:00.185Z
548,2003,69,24,6,410,1569,7,2020-04-10T15:00:00.223Z
549,2003,69,24,6,410,1569,7,2020-04-10T16:00:00.189Z
550,2003,69,24,6,410,1569,7,2020-04-10T17:00:00.211Z
551,2003,69,24,6,410,1569,7,2020-04-10T18:00:00.236Z
552,2003,69,24,6,410,1569,7,2020-04-10T19:00:00.213Z
553,2003,69,24,6,410,1569,7,2020-04-10T20:00:00.190Z
554,2003,69,24,6,410,1569,7,2020-04-10T21:00:00.182Z
555,2003,69,24,6,410,1569,7,2020-04-10T22:00:00.212Z
556,2003,69,24,6,410,1569,7,2020-04-10T23:00:00.185Z
557,2003,69,24,6,410,1569,7,2020-04-11T00:00:00.202Z
558,2003,69,24,6,410,1569,7,2020-04-11T01:00:00.229Z
559,2003,0,24,0,410,1569,7,2020-04-11T02:00:00.265Z
560,2003,0,24,0,410,1569,7,2020-04-11T03:00:00.193Z
561,2003,0,24,0,410,1569,7,2020-04-11T04:00:00.199Z
562,2003,0,24,0,410,1569,7,2020-04-11T05:00:00.176Z
563,2003,0,24,0,410,1569,7,2020-04-11T06:00:00.230Z
564,2003,0,24,0,410,1569,7,2020-04-11T07:00:00.226Z
565,2003,0,24,0,410,1569,7,2020-04-11T08:00:00.196Z
566,2003,0,24,0,410,1569,7,2020-04-11T09:00:00.281Z
567,2003,0,24,0,410,1569,7,2020-04-11T10:00:00.226Z
568,2003,0,24,0,410,1569,7,2020-04-11T11:00:00.259Z
569,2003,0,24,0,410,1569,7,2020-04-11T12:00:00.277Z
570,2003,0,24,0,410,1569,7,2020-04-11T13:00:00.253Z
571,2003,0,24,0,410,1569,7,2020-04-11T14:00:00.189Z
572,2003,0,24,0,410,1569,7,2020-04-11T15:00:00.222Z
573,2003,0,24,0,410,1569,7,2020-04-11T16:00:00.193Z
574,2003,0,24,0,410,1569,7,2020-04-11T17:00:00.213Z
575,2028,25,25,1,410,1593,7,2020-04-11T18:00:00.264Z
576,2028,25,25,1,410,1593,7,2020-04-11T19:00:00.178Z
577,2028,25,25,1,410,1593,7,2020-04-11T20:00:00.235Z
578,2028,25,25,1,410,1593,7,2020-04-11T21:00:00.257Z
579,2028,25,25,1,410,1593,7,2020-04-11T22:00:00.247Z
580,2028,25,25,1,410,1593,7,2020-04-11T23:00:00.217Z
581,2028,25,25,1,410,1593,7,2020-04-12T00:00:00.224Z
582,2028,25,25,1,410,1593,7,2020-04-12T01:00:00.262Z
583,2028,0,25,0,410,1593,7,2020-04-12T02:00:00.185Z
584,2028,0,25,0,410,1593,7,2020-04-12T03:00:00.219Z
585,2028,0,25,0,410,1593,7,2020-04-12T04:00:00.192Z
586,2028,0,25,0,410,1593,7,2020-04-12T05:00:00.173Z
587,2028,0,25,0,410,1593,7,2020-04-12T06:00:00.256Z
588,2028,0,25,0,410,1593,7,2020-04-12T07:00:00.237Z
589,2028,0,25,0,410,1593,7,2020-04-12T08:00:00.177Z
590,2028,0,25,0,410,1593,7,2020-04-12T09:00:00.225Z
591,2028,0,25,0,410,1593,7,2020-04-12T10:00:00.258Z
592,2028,0,25,0,410,1593,7,2020-04-12T11:00:00.252Z
593,2028,0,25,0,410,1593,7,2020-04-12T12:00:00.187Z
594,2028,0,25,0,410,1593,7,2020-04-12T13:00:00.211Z
595,2028,0,25,0,410,1593,7,2020-04-12T14:00:00.230Z
596,2028,0,25,0,410,1593,7,2020-04-12T15:00:00.182Z
597,2028,0,25,0,410,1593,7,2020-04-12T16:00:00.273Z
598,2028,0,25,0,410,1593,7,2020-04-12T17:00:00.246Z
599,2173,145,25,0,410,1738,7,2020-04-12T18:00:00.193Z
600,2173,145,25,0,410,1738,7,2020-04-12T19:00:00.187Z
601,2173,145,25,0,410,1738,7,2020-04-12T20:00:00.207Z
602,2173,145,25,0,410,1738,7,2020-04-12T21:00:00.213Z
603,2173,145,25,0,410,1738,7,2020-04-12T22:00:00.205Z
604,2173,145,25,0,410,1738,7,2020-04-12T23:00:00.251Z
605,2173,145,25,0,410,1738,7,2020-04-13T00:00:00.241Z
606,2173,0,25,0,410,1738,7,2020-04-13T01:00:00.214Z
607,2173,0,25,0,410,1738,7,2020-04-13T02:00:00.244Z
608,2173,0,25,0,410,1738,7,2020-04-13T03:00:00.244Z
609,2173,0,25,0,410,1738,7,2020-04-13T04:00:00.245Z
610,2173,0,25,0,410,1738,7,2020-04-13T05:00:00.228Z
611,2173,0,25,0,410,1738,7,2020-04-13T06:00:00.261Z
612,2173,0,25,0,410,1738,7,2020-04-13T07:00:00.231Z
613,2173,0,25,0,410,1738,7,2020-04-13T08:00:00.250Z
614,2173,0,25,0,410,1738,7,2020-04-13T09:00:00.223Z
615,2173,0,25,0,410,1738,7,2020-04-13T10:00:00.226Z
616,2173,0,25,0,410,1738,7,2020-04-13T11:00:00.202Z
617,2173,0,25,0,410,1738,7,2020-04-13T12:00:00.180Z
618,2173,0,25,0,410,1738,7,2020-04-13T13:00:00.170Z
619,2173,0,25,0,410,1738,7,2020-04-13T14:00:00.209Z
620,2173,0,25,0,410,1738,7,2020-04-13T15:00:00.230Z
621,2173,0,25,0,410,1738,7,2020-04-13T16:00:00.212Z
622,2173,0,25,0,410,1738,7,2020-04-13T17:00:00.233Z
623,2272,99,27,2,410,1835,7,2020-04-13T18:00:00.261Z
624,2272,99,27,2,410,1835,7,2020-04-13T19:00:00.275Z
625,2272,99,27,2,410,1835,7,2020-04-13T20:00:00.177Z
626,2272,99,27,2,410,1835,7,2020-04-13T21:00:00.223Z
627,2272,99,27,2,410,1835,7,2020-04-13T22:00:00.224Z
628,2272,99,27,2,410,1835,7,2020-04-13T23:00:00.242Z
629,2272,99,27,2,410,1835,7,2020-04-14T00:00:00.214Z
630,2272,0,27,0,410,1835,7,2020-04-14T01:00:00.220Z
631,2272,0,27,0,410,1835,7,2020-04-14T02:00:00.242Z
632,2272,0,27,0,410,1835,7,2020-04-14T03:00:00.257Z
633,2272,0,27,0,410,1835,7,2020-04-14T04:00:00.207Z
634,2272,0,27,0,410,1835,7,2020-04-14T05:00:00.209Z
635,2272,0,27,0,410,1835,7,2020-04-14T06:00:00.215Z
636,2272,0,27,0,410,1835,7,2020-04-14T07:00:00.227Z
637,2272,0,27,0,410,1835,7,2020-04-14T08:00:00.215Z
638,2272,0,27,0,410,1835,7,2020-04-14T09:00:00.254Z
639,2272,0,27,0,410,1835,7,2020-04-14T10:00:00.226Z
640,2272,0,27,0,410,1835,7,2020-04-14T11:00:00.177Z
641,2272,0,27,0,410,1835,7,2020-04-14T12:00:00.381Z
642,2272,0,27,0,410,1835,7,2020-04-14T13:00:00.180Z
643,2415,143,27,0,410,1978,7,2020-04-14T14:00:00.244Z
644,2415,143,27,0,410,1978,7,2020-04-14T15:00:00.227Z
645,2415,143,27,0,410,1978,7,2020-04-14T16:00:00.295Z
646,2415,143,27,0,410,1978,7,2020-04-14T17:00:00.224Z
647,2415,143,27,0,410,1978,7,2020-04-14T18:00:00.223Z
648,2415,143,27,0,410,1978,7,2020-04-14T19:00:00.220Z
649,2415,143,27,0,410,1978,7,2020-04-14T20:00:00.218Z
650,2415,143,27,0,410,1978,7,2020-04-14T21:00:00.233Z
651,2415,143,27,0,410,1978,7,2020-04-14T22:00:00.219Z
652,2415,143,27,0,410,1978,7,2020-04-14T23:00:00.245Z
653,2415,143,27,0,410,1978,7,2020-04-15T00:00:00.254Z
654,2415,143,27,0,410,1978,7,2020-04-15T01:00:00.189Z
655,2415,0,27,0,410,1978,7,2020-04-15T02:00:00.206Z
656,2415,0,27,0,410,1978,7,2020-04-15T03:00:00.179Z
657,2415,0,27,0,410,1978,7,2020-04-15T04:00:00.227Z
658,2415,0,27,0,410,1978,7,2020-04-15T05:00:00.261Z
659,2415,0,27,0,410,1978,7,2020-04-15T06:00:00.188Z
660,2415,0,27,0,410,1978,7,2020-04-15T07:00:00.229Z
661,2415,0,27,0,410,1978,7,2020-04-15T08:00:00.204Z
662,2415,0,27,0,410,1978,7,2020-04-15T09:00:00.190Z
663,2415,0,27,0,410,1978,7,2020-04-15T10:00:00.212Z
664,2415,0,27,0,410,1978,7,2020-04-15T11:00:00.238Z
665,2415,0,27,0,410,1978,7,2020-04-15T12:00:00.249Z
666,2415,0,27,0,410,1978,7,2020-04-15T13:00:00.239Z
667,2415,0,27,0,410,1978,7,2020-04-15T14:00:00.212Z
668,2415,0,27,0,410,1978,7,2020-04-15T15:00:00.258Z
669,2415,0,27,0,410,1978,7,2020-04-15T16:00:00.219Z
670,2506,91,34,7,410,2062,7,2020-04-15T17:00:00.184Z
671,2506,91,34,7,410,2062,7,2020-04-15T18:00:00.197Z
672,2506,91,34,7,410,2062,7,2020-04-15T19:00:00.303Z
673,2506,91,34,7,410,2062,7,2020-04-15T20:00:00.243Z
674,2506,91,34,7,410,2062,7,2020-04-15T21:00:00.221Z
675,2506,91,34,7,410,2062,7,2020-04-15T22:00:00.246Z
676,2506,91,34,7,410,2062,7,2020-04-15T23:00:00.246Z
677,2506,91,34,7,410,2062,7,2020-04-16T00:00:00.185Z
678,2506,0,34,0,410,2062,7,2020-04-16T01:00:00.265Z
679,2506,0,34,0,410,2062,7,2020-04-16T02:00:00.175Z
680,2506,0,34,0,410,2062,7,2020-04-16T03:00:00.201Z
681,2506,0,34,0,410,2062,7,2020-04-16T04:00:00.216Z
682,2506,0,34,0,410,2062,7,2020-04-16T05:00:00.225Z
683,2506,0,34,0,410,2062,7,2020-04-16T06:00:00.237Z
684,2506,0,34,0,410,2062,7,2020-04-16T07:00:00.263Z
685,2506,0,34,0,410,2062,7,2020-04-16T08:00:00.240Z
686,2506,0,34,0,410,2062,7,2020-04-16T09:00:00.214Z
687,2506,0,34,0,410,2062,7,2020-04-16T10:00:00.193Z
688,2506,0,34,0,410,2062,7,2020-04-16T11:00:00.213Z
689,2506,0,34,0,410,2062,7,2020-04-16T12:00:00.229Z
690,2506,0,34,0,410,2062,7,2020-04-16T13:00:00.229Z
691,2506,0,34,0,410,2062,7,2020-04-16T14:00:00.265Z
692,2506,0,34,0,410,2062,7,2020-04-16T15:00:00.264Z
693,2506,0,34,0,410,2062,7,2020-04-16T16:00:00.237Z
694,2506,0,34,0,410,2062,7,2020-04-16T17:00:00.201Z
695,2506,0,34,0,410,2062,7,2020-04-16T18:00:00.226Z
696,2605,99,48,14,903,1654,7,2020-04-16T19:00:00.217Z
697,2605,99,48,14,903,1654,7,2020-04-16T20:00:00.257Z
698,2605,99,48,14,903,1654,7,2020-04-16T21:00:00.180Z
699,2605,99,48,14,903,1654,7,2020-04-16T22:00:00.178Z
700,2605,99,48,14,903,1654,7,2020-04-16T23:00:00.222Z
701,2605,99,48,14,903,1654,7,2020-04-17T00:00:00.247Z
702,2605,0,48,0,903,1654,7,2020-04-17T01:00:00.210Z
703,2605,0,48,0,903,1654,7,2020-04-17T02:00:00.211Z
704,2605,0,48,0,903,1654,7,2020-04-17T03:00:00.261Z
705,2605,0,48,0,903,1654,7,2020-04-17T04:00:00.265Z
706,2605,0,48,0,903,1654,7,2020-04-17T05:00:00.222Z
707,2605,0,48,0,903,1654,7,2020-04-17T06:00:00.224Z
708,2605,0,48,0,903,1654,7,2020-04-17T07:00:00.285Z
709,2605,0,48,0,903,1654,7,2020-04-17T08:00:00.235Z
710,2605,0,48,0,903,1654,7,2020-04-17T09:00:00.230Z
711,2605,0,48,0,903,1654,7,2020-04-17T10:00:00.257Z
712,2605,0,48,0,903,1654,7,2020-04-17T11:00:00.261Z
713,2605,0,48,0,903,1654,7,2020-04-17T12:00:00.309Z
714,2605,0,48,0,903,1654,7,2020-04-17T13:00:00.191Z
715,2605,0,48,0,903,1654,7,2020-04-17T14:00:00.225Z
716,2605,0,48,0,903,1654,7,2020-04-17T15:00:00.263Z
717,2605,0,48,0,903,1654,7,2020-04-17T16:00:00.221Z
718,2605,0,48,0,903,1654,7,2020-04-17T17:00:00.283Z
719,2605,0,48,0,903,1654,7,2020-04-17T18:00:00.224Z
720,2783,178,50,2,903,1830,7,2020-04-17T19:00:00.256Z
721,2783,178,50,2,903,1830,7,2020-04-17T20:00:00.265Z
722,2783,178,50,2,903,1830,7,2020-04-17T21:00:00.253Z
723,2783,178,50,2,903,1830,7,2020-04-17T22:00:00.218Z
724,2783,178,50,2,903,1830,7,2020-04-17T23:00:00.251Z
725,2783,178,50,2,903,1830,7,2020-04-18T00:00:00.230Z
726,2783,0,50,0,903,1830,7,2020-04-18T01:00:00.219Z
727,2783,0,50,0,903,1830,7,2020-04-18T02:00:00.173Z
728,2783,0,50,0,903,1830,7,2020-04-18T03:00:00.190Z
729,2783,0,50,0,903,1830,7,2020-04-18T04:00:00.172Z
730,2783,0,50,0,903,1830,7,2020-04-18T05:00:00.214Z
731,2783,0,50,0,903,1830,7,2020-04-18T06:00:00.190Z
732,2783,0,50,0,903,1830,7,2020-04-18T07:00:00.255Z
733,2783,0,50,0,903,1830,7,2020-04-18T08:00:00.201Z
734,2783,0,50,0,903,1830,7,2020-04-18T09:00:00.229Z
735,2783,0,50,0,903,1830,7,2020-04-18T10:00:00.223Z
736,2783,0,50,0,903,1830,7,2020-04-18T11:00:00.195Z
737,2783,0,50,0,903,1830,7,2020-04-18T12:00:00.227Z
738,2783,0,50,0,903,1830,7,2020-04-18T13:00:00.218Z
739,2783,0,50,0,903,1830,7,2020-04-18T14:00:00.228Z
740,2783,0,50,0,903,1830,7,2020-04-18T15:00:00.281Z
741,2783,0,50,0,903,1830,7,2020-04-18T16:00:00.225Z
742,2783,0,50,0,903,1830,7,2020-04-18T17:00:00.226Z
743,2783,0,50,0,903,1830,7,2020-04-18T18:00:00.224Z
744,3034,251,50,0,903,2081,7,2020-04-18T19:00:00.161Z
745,3034,251,50,0,903,2081,7,2020-04-18T20:00:00.187Z
746,3034,251,52,2,903,2079,36,2020-04-18T21:00:00.226Z
747,3034,251,52,2,903,2079,36,2020-04-18T22:00:00.239Z
748,3034,251,52,2,903,2079,36,2020-04-18T23:00:00.225Z
749,3034,251,52,2,903,2079,36,2020-04-19T00:00:00.158Z
750,3034,0,52,0,903,2079,36,2020-04-19T01:00:00.215Z
751,3034,0,52,0,903,2079,36,2020-04-19T02:00:00.237Z
752,3034,0,52,0,903,2079,36,2020-04-19T03:00:00.182Z
753,3034,0,52,0,903,2079,36,2020-04-19T04:00:00.206Z
754,3034,0,52,0,903,2079,36,2020-04-19T05:00:00.226Z
755,3034,0,52,0,903,2079,36,2020-04-19T06:00:00.177Z
756,3034,0,52,0,903,2079,36,2020-04-19T07:00:00.263Z
757,3034,0,52,0,903,2079,36,2020-04-19T08:00:00.213Z
758,3034,0,52,0,903,2079,36,2020-04-19T09:00:00.186Z
759,3034,0,52,0,903,2079,36,2020-04-19T10:00:00.193Z
760,3034,0,52,0,903,2079,36,2020-04-19T11:00:00.217Z
761,3034,0,52,0,903,2079,36,2020-04-19T12:00:00.176Z
762,3034,0,52,0,903,2079,36,2020-04-19T13:00:00.240Z
763,3034,0,52,0,903,2079,36,2020-04-19T14:00:00.267Z
764,3034,0,52,0,903,2079,36,2020-04-19T15:00:00.187Z
765,3034,0,52,0,903,2079,36,2020-04-19T16:00:00.177Z
766,3034,0,52,0,903,2079,36,2020-04-19T17:00:00.248Z
767,3158,124,54,2,903,2201,36,2020-04-19T18:00:00.269Z
768,3158,124,54,2,903,2201,36,2020-04-19T19:00:00.216Z
769,3158,124,54,2,903,2201,36,2020-04-19T20:00:00.189Z
770,3158,124,54,2,903,2201,36,2020-04-19T21:00:00.272Z
771,3158,124,54,2,903,2201,36,2020-04-19T22:00:00.274Z
772,3158,124,54,2,903,2201,36,2020-04-19T23:00:00.222Z
773,3158,124,54,2,903,2201,36,2020-04-20T00:00:00.251Z
774,3158,0,54,0,903,2201,36,2020-04-20T01:00:00.244Z
775,3158,0,54,0,903,2201,36,2020-04-20T02:00:00.181Z
776,3158,0,54,0,903,2201,36,2020-04-20T03:00:00.238Z
777,3158,0,54,0,903,2201,36,2020-04-20T04:00:00.213Z
778,3158,0,54,0,903,2201,36,2020-04-20T05:00:00.205Z
779,3158,0,54,0,903,2201,36,2020-04-20T06:00:00.223Z
780,3158,0,54,0,903,2201,36,2020-04-20T07:00:00.182Z
781,3158,0,54,0,903,2201,36,2020-04-20T08:00:00.211Z
782,3158,0,54,0,903,2201,36,2020-04-20T09:00:00.231Z
783,3158,0,54,0,903,2201,36,2020-04-20T10:00:00.234Z
784,3158,0,54,0,903,2201,36,2020-04-20T11:00:00.214Z
785,3158,0,54,0,903,2201,36,2020-04-20T12:00:00.354Z
786,3158,0,54,0,903,2201,36,2020-04-20T13:00:00.238Z
787,3158,0,54,0,903,2201,36,2020-04-20T14:00:00.187Z
788,3158,0,54,0,903,2201,36,2020-04-20T15:00:00.222Z
789,3158,0,54,0,903,2201,36,2020-04-20T16:00:00.263Z
790,3158,0,54,0,903,2201,36,2020-04-20T17:00:00.191Z
791,3158,0,54,0,903,2201,36,2020-04-20T18:00:00.225Z
792,3158,0,54,0,903,2201,36,2020-04-20T19:00:00.257Z
793,3300,142,58,4,1055,2187,36,2020-04-20T20:00:00.269Z
794,3300,142,58,4,1055,2187,36,2020-04-20T21:00:00.179Z
795,3300,142,58,4,1055,2187,36,2020-04-20T22:00:00.167Z
796,3300,142,58,4,1055,2187,36,2020-04-20T23:00:00.186Z
797,3300,142,58,4,1055,2187,36,2020-04-21T00:00:00.227Z
798,3300,0,58,0,1055,2187,36,2020-04-21T01:00:00.239Z
799,3300,0,58,0,1055,2187,36,2020-04-21T02:00:00.224Z
800,3300,0,58,0,1055,2187,36,2020-04-21T03:00:00.237Z
801,3300,0,58,0,1055,2187,36,2020-04-21T04:00:00.276Z
802,3300,0,58,0,1055,2187,36,2020-04-21T05:00:00.212Z
803,3300,0,58,0,1055,2187,36,2020-04-21T06:00:00.215Z
804,3300,0,58,0,1055,2187,36,2020-04-21T07:00:00.237Z
805,3300,0,58,0,1055,2187,36,2020-04-21T08:00:00.299Z
806,3300,0,58,0,1055,2187,36,2020-04-21T09:00:00.262Z
807,3300,0,58,0,1055,2187,36,2020-04-21T10:00:00.234Z
808,3300,0,58,0,1055,2187,36,2020-04-21T11:00:00.219Z
809,3300,0,58,0,1055,2187,36,2020-04-21T12:00:00.199Z
810,3300,0,58,0,1055,2187,36,2020-04-21T13:00:00.260Z
811,3300,0,58,0,1055,2187,36,2020-04-21T14:00:00.265Z
812,3300,0,58,0,1055,2187,36,2020-04-21T15:00:00.208Z
813,3300,0,58,0,1055,2187,36,2020-04-21T16:00:00.278Z
814,3465,165,58,0,1055,2352,36,2020-04-21T17:00:00.208Z
815,3465,165,58,0,1055,2352,36,2020-04-21T18:00:00.190Z
816,3465,165,58,0,1055,2352,36,2020-04-21T19:00:00.264Z
817,3465,165,58,0,1055,2352,36,2020-04-21T20:00:00.222Z
818,3465,165,58,0,1055,2352,36,2020-04-21T21:00:00.215Z
819,3465,165,58,0,1055,2352,36,2020-04-21T22:00:00.219Z
820,3465,165,58,0,1055,2352,36,2020-04-21T23:00:00.206Z
821,3465,165,58,0,1055,2352,36,2020-04-22T00:00:00.207Z
822,3465,0,58,0,1055,2352,36,2020-04-22T01:00:00.220Z
823,3465,0,58,0,1055,2352,36,2020-04-22T02:00:00.203Z
824,3465,0,58,0,1055,2352,36,2020-04-22T03:00:00.213Z
825,3465,0,58,0,1055,2352,36,2020-04-22T04:00:00.201Z
826,3465,0,58,0,1055,2352,36,2020-04-22T05:00:00.248Z
827,3465,0,58,0,1055,2352,36,2020-04-22T06:00:00.189Z
828,3465,0,58,0,1055,2352,36,2020-04-22T07:00:00.223Z
829,3465,0,58,0,1055,2352,36,2020-04-22T08:00:00.223Z
830,3465,0,58,0,1055,2352,36,2020-04-22T09:00:00.223Z
831,3465,0,58,0,1055,2352,36,2020-04-22T10:00:00.245Z
832,3465,0,58,0,1055,2352,36,2020-04-22T11:00:00.284Z
833,3465,0,58,0,1055,2352,36,2020-04-22T12:00:00.259Z
834,3465,0,58,0,1055,2352,36,2020-04-22T13:00:00.263Z
835,3465,0,58,0,1055,2352,36,2020-04-22T14:00:00.214Z
836,3465,0,58,0,1055,2352,36,2020-04-22T15:00:00.256Z
837,3465,0,58,0,1055,2352,36,2020-04-22T16:00:00.214Z
838,3465,0,58,0,1055,2352,36,2020-04-22T17:00:00.178Z
839,3465,0,58,0,1055,2352,36,2020-04-22T18:00:00.225Z
840,3635,170,65,7,1055,2515,36,2020-04-22T19:00:00.246Z
841,3635,170,65,7,1055,2515,36,2020-04-22T20:00:00.195Z
842,3635,170,65,7,1055,2515,36,2020-04-22T21:00:00.215Z
843,3635,170,65,7,1055,2515,36,2020-04-22T22:00:00.243Z
844,3635,170,65,7,1055,2515,36,2020-04-22T23:00:00.257Z
845,3635,170,65,7,1055,2515,36,2020-04-23T00:00:00.163Z
846,3635,0,65,0,1055,2515,36,2020-04-23T01:00:00.201Z
847,3635,0,65,0,1055,2515,36,2020-04-23T02:00:00.254Z
848,3635,0,65,0,1055,2515,36,2020-04-23T03:00:00.238Z
849,3635,0,65,0,1055,2515,36,2020-04-23T04:00:00.218Z
850,3635,0,65,0,1055,2515,36,2020-04-23T05:00:00.261Z
851,3635,0,65,0,1055,2515,36,2020-04-23T06:00:00.254Z
852,3635,0,65,0,1055,2515,36,2020-04-23T07:00:00.227Z
853,3635,0,65,0,1055,2515,36,2020-04-23T08:00:00.193Z
854,3635,0,65,0,1055,2515,36,2020-04-23T09:00:00.181Z
855,3635,0,65,0,1055,2515,36,2020-04-23T10:00:00.190Z
856,3635,0,65,0,1055,2515,36,2020-04-23T11:00:00.222Z
857,3635,0,65,0,1055,2515,36,2020-04-23T12:00:00.266Z
858,3635,0,65,0,1055,2515,36,2020-04-23T13:00:00.307Z
859,3635,0,65,0,1055,2515,36,2020-04-23T14:00:00.268Z
860,3635,0,65,0,1055,2515,36,2020-04-23T15:00:00.251Z
861,3635,0,65,0,1055,2515,36,2020-04-23T16:00:00.268Z
862,3635,0,65,0,1055,2515,36,2020-04-23T17:00:00.272Z
863,3953,318,75,10,1473,2405,36,2020-04-23T18:00:00.264Z
864,3953,318,75,10,1473,2405,36,2020-04-23T19:00:00.259Z
865,3953,318,75,10,1473,2405,36,2020-04-23T20:00:00.251Z
866,3953,318,75,10,1473,2405,36,2020-04-23T21:00:00.248Z
867,3953,318,75,10,1473,2405,36,2020-04-23T22:00:00.248Z
868,3953,318,75,10,1473,2405,36,2020-04-23T23:00:00.281Z
869,3953,318,75,10,1473,2405,36,2020-04-24T00:00:00.256Z
870,3953,0,75,0,1473,2405,36,2020-04-24T01:00:00.254Z
871,3953,0,75,0,1473,2405,36,2020-04-24T02:00:00.246Z
872,3953,0,75,0,1473,2405,36,2020-04-24T03:00:00.248Z
873,3953,0,75,0,1473,2405,36,2020-04-24T04:00:00.257Z
874,3953,0,75,0,1473,2405,36,2020-04-24T05:00:00.168Z
875,3953,0,75,0,1473,2405,36,2020-04-24T06:00:00.215Z
876,3953,0,75,0,1473,2405,36,2020-04-24T07:00:00.248Z
877,3953,0,75,0,1473,2405,36,2020-04-24T08:00:00.204Z
878,3953,0,75,0,1473,2405,36,2020-04-24T09:00:00.243Z
879,3953,0,75,0,1473,2405,36,2020-04-24T10:00:00.269Z
880,3953,0,75,0,1473,2405,36,2020-04-24T11:00:00.237Z
881,3953,0,75,0,1473,2405,36,2020-04-24T12:00:00.225Z
882,3953,0,75,0,1473,2405,36,2020-04-24T13:00:00.218Z
883,3953,0,75,0,1473,2405,36,2020-04-24T14:00:00.218Z
884,3953,0,75,0,1473,2405,36,2020-04-24T15:00:00.394Z
885,3953,0,75,0,1473,2405,36,2020-04-24T16:00:00.186Z
886,3953,0,75,0,1473,2405,36,2020-04-24T17:00:00.219Z
887,3953,0,75,0,1473,2405,36,2020-04-24T18:00:00.173Z
888,4220,267,79,4,1473,2668,36,2020-04-24T19:00:00.233Z
889,4220,267,79,4,1473,2668,36,2020-04-24T20:00:00.198Z
890,4220,267,79,4,1473,2668,36,2020-04-24T21:00:00.174Z
891,4220,267,79,4,1473,2668,36,2020-04-24T22:00:00.184Z
892,4220,267,79,4,1473,2668,36,2020-04-24T23:00:00.224Z
893,4220,267,79,4,1473,2668,36,2020-04-25T00:00:00.270Z
894,4220,267,79,4,1473,2668,36,2020-04-25T01:00:00.212Z
895,4220,0,79,0,1473,2668,36,2020-04-25T02:00:00.224Z
896,4220,0,79,0,1473,2668,36,2020-04-25T03:00:00.177Z
897,4220,0,79,0,1473,2668,36,2020-04-25T04:00:00.223Z
898,4220,0,79,0,1473,2668,36,2020-04-25T05:00:00.215Z
899,4220,0,79,0,1473,2668,36,2020-04-25T06:00:00.259Z
900,4220,0,79,0,1473,2668,36,2020-04-25T07:00:00.189Z
901,4220,0,79,0,1473,2668,36,2020-04-25T08:00:00.179Z
902,4220,0,79,0,1473,2668,36,2020-04-25T09:00:00.227Z
903,4220,0,79,0,1473,2668,36,2020-04-25T10:00:00.195Z
904,4220,0,79,0,1473,2668,36,2020-04-25T11:00:00.185Z
905,4220,0,79,0,1473,2668,36,2020-04-25T12:00:00.251Z
906,4220,0,79,0,1473,2668,36,2020-04-25T13:00:00.257Z
907,4220,0,79,0,1473,2668,36,2020-04-25T14:00:01.516Z
908,4220,0,79,0,1473,2668,36,2020-04-25T15:00:00.185Z
909,4220,0,79,0,1473,2668,36,2020-04-25T16:00:00.190Z
910,4220,0,79,0,1473,2668,36,2020-04-25T17:00:00.243Z
911,4220,0,79,0,1473,2668,36,2020-04-25T18:00:00.254Z
912,4361,141,86,7,1473,2802,36,2020-04-25T19:00:00.229Z
913,4361,141,86,7,1473,2802,36,2020-04-25T20:00:00.224Z
914,4361,141,86,7,1473,2802,36,2020-04-25T21:00:00.359Z
915,4361,141,86,7,1473,2802,36,2020-04-25T22:00:00.175Z
916,4361,141,86,7,1473,2802,36,2020-04-25T23:00:00.230Z
917,4361,141,86,7,1473,2802,36,2020-04-26T00:00:00.255Z
918,4361,0,86,0,1473,2802,36,2020-04-26T01:00:00.252Z
919,4361,0,86,0,1473,2802,36,2020-04-26T02:00:00.184Z
920,4361,0,86,0,1473,2802,36,2020-04-26T03:00:00.206Z
921,4361,0,86,0,1473,2802,36,2020-04-26T04:00:00.168Z
922,4361,0,86,0,1473,2802,36,2020-04-26T05:00:00.210Z
923,4361,0,86,0,1473,2802,36,2020-04-26T06:00:00.204Z
924,4361,0,86,0,1473,2802,36,2020-04-26T07:00:00.259Z
925,4361,0,86,0,1473,2802,36,2020-04-26T08:00:00.247Z
926,4361,0,86,0,1473,2802,36,2020-04-26T09:00:00.205Z
927,4361,0,86,0,1473,2802,36,2020-04-26T10:00:00.220Z
928,4361,0,86,0,1473,2802,36,2020-04-26T11:00:00.176Z
929,4361,0,86,0,1473,2802,36,2020-04-26T12:00:00.267Z
930,4361,0,86,0,1473,2802,36,2020-04-26T13:00:00.268Z
931,4361,0,86,0,1473,2802,36,2020-04-26T14:00:00.207Z
932,4361,0,86,0,1473,2802,36,2020-04-26T15:00:00.220Z
933,4361,0,86,0,1473,2802,36,2020-04-26T16:00:00.268Z
934,4361,0,86,0,1473,2802,36,2020-04-26T17:00:00.224Z
935,4361,0,86,0,1473,2802,36,2020-04-26T18:00:00.247Z
936,4546,185,87,1,1473,2986,36,2020-04-26T19:00:00.207Z
937,4546,185,87,1,1473,2986,36,2020-04-26T20:00:00.235Z
938,4546,185,87,1,1473,2986,36,2020-04-26T21:00:00.207Z
939,4546,185,87,1,1473,2986,36,2020-04-26T22:00:00.263Z
940,4546,185,87,1,1473,2986,36,2020-04-26T23:00:00.243Z
941,4546,185,87,1,1473,2986,36,2020-04-27T00:00:00.208Z
942,4546,0,87,0,1473,2986,36,2020-04-27T01:00:00.171Z
943,4546,0,87,0,1473,2986,36,2020-04-27T02:00:00.213Z
944,4546,0,87,0,1473,2986,36,2020-04-27T03:00:00.222Z
945,4546,0,87,0,1473,2986,36,2020-04-27T04:00:00.202Z
946,4546,0,87,0,1473,2986,36,2020-04-27T05:00:00.197Z
947,4546,0,87,0,1473,2986,36,2020-04-27T06:00:00.216Z
948,4546,0,87,0,1473,2986,36,2020-04-27T07:00:00.273Z
949,4546,0,87,0,1473,2986,36,2020-04-27T08:00:01.783Z
950,4546,0,87,0,1473,2986,36,2020-04-27T09:00:00.217Z
951,4546,0,87,0,1473,2986,36,2020-04-27T10:00:00.222Z
952,4546,0,87,0,1473,2986,36,2020-04-27T11:00:00.228Z
953,4546,0,87,0,1473,2986,36,2020-04-27T12:00:00.234Z
954,4546,0,87,0,1473,2986,36,2020-04-27T13:00:00.184Z
955,4546,0,87,0,1473,2986,36,2020-04-27T14:00:00.184Z
956,4546,0,87,0,1473,2986,36,2020-04-27T15:00:00.205Z
957,4546,0,87,0,1473,2986,36,2020-04-27T16:00:00.270Z
958,4546,0,87,0,1473,2986,36,2020-04-27T17:00:00.232Z
959,4546,0,87,0,1473,2986,36,2020-04-27T18:00:00.195Z
960,4546,0,87,0,1473,2986,36,2020-04-27T19:00:00.267Z
961,4793,247,90,3,1473,3230,36,2020-04-27T20:00:00.237Z
962,4793,247,90,3,1473,3230,36,2020-04-27T21:00:00.215Z
963,4793,247,90,3,1473,3230,36,2020-04-27T22:00:00.214Z
964,4793,247,90,3,1473,3230,36,2020-04-27T23:00:00.211Z
965,4793,247,90,3,1473,3230,36,2020-04-28T00:00:00.209Z
966,4793,247,90,3,1473,3230,36,2020-04-28T01:00:00.213Z
967,4793,0,90,0,1473,3230,36,2020-04-28T02:00:00.210Z
968,4793,0,90,0,1473,3230,36,2020-04-28T03:00:00.184Z
969,4793,0,90,0,1473,3230,36,2020-04-28T04:00:00.216Z
970,4793,0,90,0,1473,3230,36,2020-04-28T05:00:00.263Z
971,4793,0,90,0,1473,3230,36,2020-04-28T06:00:00.240Z
972,4793,0,90,0,1473,3230,36,2020-04-28T07:00:00.236Z
973,4793,0,90,0,1473,3230,36,2020-04-28T08:00:00.188Z
974,4793,0,90,0,1473,3230,36,2020-04-28T09:00:00.176Z
975,4793,0,90,0,1473,3230,36,2020-04-28T10:00:00.234Z
976,4793,0,90,0,1473,3230,36,2020-04-28T11:00:00.192Z
977,4793,0,90,0,1473,3230,36,2020-04-28T12:00:00.187Z
978,4793,0,90,0,1473,3230,36,2020-04-28T13:00:00.226Z
979,4793,0,90,0,1473,3230,36,2020-04-28T14:00:00.254Z
980,4793,0,90,0,1473,3230,36,2020-04-28T15:00:00.236Z
981,4793,0,90,0,1473,3230,36,2020-04-28T16:00:00.194Z
982,4793,0,90,0,1473,3230,36,2020-04-28T17:00:00.249Z
983,4793,0,90,0,1473,3230,36,2020-04-28T18:00:00.230Z
984,4793,0,90,0,1473,3230,36,2020-04-28T19:00:00.252Z
985,4996,203,93,3,2073,2830,36,2020-04-28T20:00:00.176Z
986,4996,203,93,3,2073,2830,36,2020-04-28T21:00:00.214Z
987,4996,203,93,3,2073,2830,36,2020-04-28T22:00:00.202Z
988,4996,203,93,3,2073,2830,36,2020-04-28T23:00:00.206Z
989,4996,203,93,3,2073,2830,36,2020-04-29T00:00:00.209Z
990,4996,203,93,3,2073,2830,36,2020-04-29T01:00:00.214Z
991,4996,0,93,0,2073,2830,36,2020-04-29T02:00:00.206Z
992,4996,0,93,0,2073,2830,36,2020-04-29T03:00:00.212Z
993,4996,0,93,0,2073,2830,36,2020-04-29T04:00:00.213Z
994,4996,0,93,0,2073,2830,36,2020-04-29T05:00:00.256Z
995,4996,0,93,0,2073,2830,36,2020-04-29T06:00:00.268Z
996,4996,0,93,0,2073,2830,36,2020-04-29T07:00:00.209Z
997,4996,0,93,0,2073,2830,36,2020-04-29T08:00:00.217Z
998,4996,0,93,0,2073,2830,36,2020-04-29T09:00:00.247Z
999,4996,0,93,0,2073,2830,36,2020-04-29T10:00:00.253Z
1000,4996,0,93,0,2073,2830,36,2020-04-29T11:00:00.279Z
1001,4996,0,93,0,2073,2830,36,2020-04-29T12:00:00.246Z
1002,4996,0,93,0,2073,2830,36,2020-04-29T13:00:00.214Z
1003,4996,0,93,0,2073,2830,36,2020-04-29T14:00:00.192Z
1004,4996,0,93,0,2073,2830,36,2020-04-29T15:00:00.199Z
1005,4996,0,93,0,2073,2830,36,2020-04-29T17:00:00.182Z
1006,4996,0,93,0,2073,2830,36,2020-04-29T18:00:00.173Z
1007,4996,0,93,0,2073,2830,36,2020-04-29T19:00:00.223Z
1008,5350,354,103,10,2073,3174,36,2020-04-29T20:00:00.237Z
1009,5350,354,103,10,2073,3174,36,2020-04-29T21:00:00.244Z
1010,5350,354,103,10,2073,3174,36,2020-04-29T22:00:00.215Z
1011,5350,354,103,10,2073,3174,36,2020-04-29T23:00:00.245Z
1012,5350,354,103,10,2073,3174,36,2020-04-30T00:00:00.215Z
1013,5350,0,103,0,2073,3174,36,2020-04-30T01:00:05.257Z
1014,5350,0,103,0,2073,3174,36,2020-04-30T02:00:00.214Z
1015,5350,0,103,0,2073,3174,36,2020-04-30T03:00:00.217Z
1016,5350,0,103,0,2073,3174,36,2020-04-30T04:00:00.206Z
1017,5350,0,103,0,2073,3174,36,2020-04-30T05:00:00.260Z
1018,5350,0,103,0,2073,3174,36,2020-04-30T06:00:00.210Z
1019,5350,0,103,0,2073,3174,36,2020-04-30T07:00:00.277Z
1020,5350,0,103,0,2073,3174,36,2020-04-30T08:00:00.262Z
1021,5350,0,103,0,2073,3174,36,2020-04-30T09:00:00.225Z
1022,5350,0,103,0,2073,3174,36,2020-04-30T10:00:00.234Z
1023,5350,0,103,0,2073,3174,36,2020-04-30T11:00:00.192Z
1024,5350,0,103,0,2073,3174,36,2020-04-30T12:00:00.193Z
1025,5350,0,103,0,2073,3174,36,2020-04-30T13:00:00.227Z
1026,5350,0,103,0,2073,3174,36,2020-04-30T14:00:00.229Z
1027,5350,0,103,0,2073,3174,36,2020-04-30T15:00:00.256Z
1028,5350,0,103,0,2073,3174,36,2020-04-30T16:00:00.219Z
1029,5350,0,103,0,2073,3174,36,2020-04-30T17:00:00.221Z
1030,5350,0,103,0,2073,3174,36,2020-04-30T18:00:00.230Z
1031,5647,297,103,0,2073,3471,36,2020-04-30T19:00:00.214Z
1032,5647,297,103,0,2073,3471,36,2020-04-30T20:00:00.220Z
1033,5647,297,103,0,2073,3471,36,2020-04-30T21:00:00.184Z
1034,5647,297,103,0,2073,3471,36,2020-04-30T22:00:00.218Z
1035,5647,297,103,0,2073,3471,36,2020-04-30T23:00:00.202Z
1036,5647,297,103,0,2073,3471,36,2020-05-01T00:00:00.207Z
1037,5647,0,103,0,2073,3471,36,2020-05-01T01:00:00.176Z
1038,5647,0,103,0,2073,3471,36,2020-05-01T02:00:00.213Z
1039,5647,0,103,0,2073,3471,36,2020-05-01T03:00:00.216Z
1040,5647,0,103,0,2073,3471,36,2020-05-01T04:00:00.244Z
1041,5647,0,103,0,2073,3471,36,2020-05-01T05:00:00.207Z
1042,5647,0,103,0,2073,3471,36,2020-05-01T06:00:00.245Z
1043,5647,0,103,0,2073,3471,36,2020-05-01T07:00:00.254Z
1044,5647,0,103,0,2073,3471,36,2020-05-01T08:00:00.221Z
1045,5647,0,103,0,2073,3471,36,2020-05-01T09:00:00.186Z
1046,5647,0,103,0,2073,3471,36,2020-05-01T10:00:00.206Z
1047,5647,0,103,0,2073,3471,36,2020-05-01T11:00:00.197Z
1048,5647,0,103,0,2073,3471,36,2020-05-01T12:00:00.194Z
1049,5647,0,103,0,2073,3471,36,2020-05-01T13:00:00.256Z
1050,5647,0,103,0,2073,3471,36,2020-05-01T14:00:00.250Z
1051,5647,0,103,0,2073,3471,36,2020-05-01T15:00:00.227Z
1052,5647,0,103,0,2073,3471,36,2020-05-01T16:00:00.260Z
1053,5647,0,103,0,2073,3471,36,2020-05-01T17:00:00.194Z
1054,5647,0,103,0,2073,3471,36,2020-05-01T18:00:00.250Z
1055,5647,0,103,0,2073,3471,36,2020-05-01T19:00:00.250Z
1056,5647,0,103,0,2073,3471,36,2020-05-01T20:00:00.220Z
1057,5951,304,116,13,2382,3453,36,2020-05-01T21:00:00.185Z
1058,5951,304,116,13,2382,3453,36,2020-05-01T22:00:00.220Z
1059,5951,304,116,13,2382,3453,36,2020-05-01T23:00:00.175Z
1060,5951,304,116,13,2382,3453,36,2020-05-02T00:00:00.205Z
1061,5951,0,116,0,2382,3453,36,2020-05-02T01:00:00.219Z
1062,5951,0,116,0,2382,3453,36,2020-05-02T02:00:00.247Z
1063,5951,0,116,0,2382,3453,36,2020-05-02T03:00:00.178Z
1064,5951,0,116,0,2382,3453,36,2020-05-02T04:00:00.191Z
1065,5951,0,116,0,2382,3453,36,2020-05-02T05:00:00.249Z
1066,5951,0,116,0,2382,3453,36,2020-05-02T06:00:00.224Z
1067,5951,0,116,0,2382,3453,36,2020-05-02T07:00:00.244Z
1068,5951,0,116,0,2382,3453,36,2020-05-02T08:00:00.222Z
1069,5951,0,116,0,2382,3453,36,2020-05-02T09:00:00.225Z
1070,5951,0,116,0,2382,3453,36,2020-05-02T10:00:00.223Z
1071,5951,0,116,0,2382,3453,36,2020-05-02T11:00:00.213Z
1072,5951,0,116,0,2382,3453,36,2020-05-02T12:00:00.200Z
1073,5951,0,116,0,2382,3453,36,2020-05-02T13:00:00.224Z
1074,5951,0,116,0,2382,3453,36,2020-05-02T14:00:00.195Z
1075,5951,0,116,0,2382,3453,36,2020-05-02T15:00:00.225Z
1076,5951,0,116,0,2382,3453,36,2020-05-02T16:00:00.231Z
1077,5951,0,116,0,2382,3453,36,2020-05-02T17:00:00.190Z
1078,5951,0,116,0,2382,3453,36,2020-05-02T18:00:00.176Z
1079,6336,385,123,7,2549,3664,36,2020-05-02T19:00:00.252Z
1080,6336,385,123,7,2549,3664,36,2020-05-02T20:00:00.184Z
1081,6336,385,123,7,2549,3664,36,2020-05-02T21:00:00.215Z
1082,6336,385,123,7,2549,3664,36,2020-05-02T22:00:00.211Z
1083,6336,385,123,7,2549,3664,36,2020-05-02T23:00:00.165Z
1084,6336,385,123,7,2549,3664,36,2020-05-03T00:00:00.208Z
1085,6336,385,123,7,2549,3664,36,2020-05-03T01:00:00.260Z
1086,6336,0,123,0,2549,3664,36,2020-05-03T02:00:00.197Z
1087,6336,0,123,0,2549,3664,36,2020-05-03T03:00:00.225Z
1088,6336,0,123,0,2549,3664,36,2020-05-03T04:00:01.076Z
1089,6336,0,123,0,2549,3664,36,2020-05-03T05:00:00.215Z
1090,6336,0,123,0,2549,3664,36,2020-05-03T06:00:00.191Z
1091,6336,0,123,0,2549,3664,36,2020-05-03T07:00:00.222Z
1092,6336,0,123,0,2549,3664,36,2020-05-03T08:00:00.188Z
1093,6336,0,123,0,2549,3664,36,2020-05-03T09:00:00.246Z
1094,6336,0,123,0,2549,3664,36,2020-05-03T10:00:00.178Z
1095,6336,0,123,0,2549,3664,36,2020-05-03T11:00:00.218Z
1096,6336,0,123,0,2549,3664,36,2020-05-03T12:00:00.252Z
1097,6336,0,123,0,2549,3664,36,2020-05-03T13:00:00.211Z
1098,6336,0,123,0,2549,3664,36,2020-05-03T14:00:00.213Z
1099,6336,0,123,0,2549,3664,36,2020-05-03T15:00:00.207Z
1100,6336,0,123,0,2549,3664,36,2020-05-03T16:00:00.253Z
1101,6336,0,123,0,2549,3664,36,2020-05-03T17:00:00.217Z
1102,6336,0,123,0,2549,3664,36,2020-05-03T18:00:00.180Z
1103,6783,447,131,8,2549,4103,36,2020-05-03T19:00:00.253Z
1104,6783,447,131,8,2549,4103,36,2020-05-03T20:00:00.173Z
1105,6783,447,131,8,2549,4103,36,2020-05-03T21:00:00.225Z
1106,6783,447,131,8,2549,4103,36,2020-05-03T22:00:00.194Z
1107,6783,447,131,8,2549,4103,36,2020-05-03T23:00:00.232Z
1108,6783,447,131,8,2549,4103,36,2020-05-04T00:00:00.236Z
1109,6783,447,131,8,2549,4103,36,2020-05-04T01:00:00.173Z
1110,6783,0,131,0,2549,4103,36,2020-05-04T02:00:00.200Z
1111,6783,0,131,0,2549,4103,36,2020-05-04T03:00:01.669Z
1112,6783,0,131,0,2549,4103,36,2020-05-04T04:00:00.176Z
1113,6783,0,131,0,2549,4103,36,2020-05-04T05:00:00.191Z
1114,6783,0,131,0,2549,4103,36,2020-05-04T06:00:00.183Z
1115,6783,0,131,0,2549,4103,36,2020-05-04T07:00:00.202Z
1116,6783,0,131,0,2549,4103,36,2020-05-04T08:00:00.231Z
1117,6783,0,131,0,2549,4103,36,2020-05-04T09:00:00.221Z
1118,6783,0,131,0,2549,4103,36,2020-05-04T10:00:00.245Z
1119,6783,0,131,0,2549,4103,36,2020-05-04T11:00:00.191Z
1120,6783,0,131,0,2549,4103,36,2020-05-04T12:00:00.267Z
1121,6783,0,131,0,2549,4103,36,2020-05-04T13:00:00.218Z
1122,6783,0,131,0,2549,4103,36,2020-05-04T14:00:00.172Z
1123,6783,0,131,0,2549,4103,36,2020-05-04T15:00:00.210Z
1124,6783,0,131,0,2549,4103,36,2020-05-04T16:00:00.205Z
1125,6783,0,131,0,2549,4103,36,2020-05-04T17:00:00.258Z
1126,6783,0,131,0,2549,4103,36,2020-05-04T18:00:00.246Z
1127,7220,437,138,7,2746,4336,36,2020-05-04T19:00:00.187Z
1128,7220,437,138,7,2746,4336,36,2020-05-04T20:00:00.211Z
1129,7220,437,138,7,2746,4336,36,2020-05-04T21:00:00.226Z
1130,7220,437,138,7,2746,4336,36,2020-05-04T22:00:00.173Z
1131,7220,437,138,7,2746,4336,36,2020-05-04T23:00:00.198Z
1132,7220,437,138,7,2746,4336,36,2020-05-05T00:00:00.178Z
1133,7220,437,138,7,2746,4336,36,2020-05-05T01:00:00.233Z
1134,7220,0,138,0,2746,4336,36,2020-05-05T02:00:00.179Z
1135,7220,0,138,0,2746,4336,36,2020-05-05T03:00:00.183Z
1136,7220,0,138,0,2746,4336,36,2020-05-05T04:00:00.203Z
1137,7220,0,138,0,2746,4336,36,2020-05-05T05:00:00.208Z
1138,7220,0,138,0,2746,4336,36,2020-05-05T06:00:00.218Z
1139,7220,0,138,0,2746,4336,36,2020-05-05T07:00:00.178Z
1140,7220,0,138,0,2746,4336,36,2020-05-05T08:00:00.244Z
1141,7220,0,138,0,2746,4336,36,2020-05-05T09:00:00.197Z
1142,7220,0,138,0,2746,4336,36,2020-05-05T10:00:00.215Z
1143,7220,0,138,0,2746,4336,36,2020-05-05T11:00:00.205Z
1144,7220,0,138,0,2746,4336,36,2020-05-05T12:00:00.258Z
1145,7220,0,138,0,2746,4336,36,2020-05-05T13:00:00.218Z
1146,7220,0,138,0,2746,4336,36,2020-05-05T14:00:00.234Z
1147,7220,0,138,0,2746,4336,36,2020-05-05T15:00:00.177Z
1148,7220,0,138,0,2746,4336,36,2020-05-05T16:00:00.177Z
1149,7220,0,138,0,2746,4336,36,2020-05-05T17:00:00.227Z
1150,7220,0,138,0,2746,4336,36,2020-05-05T18:00:00.222Z
1151,7220,0,138,0,2746,4336,36,2020-05-05T19:00:00.209Z
1152,7572,352,148,10,2746,4678,36,2020-05-05T20:00:00.359Z
1153,7572,352,148,10,2746,4678,36,2020-05-05T21:00:00.185Z
1154,7572,352,148,10,2746,4678,36,2020-05-05T22:00:00.234Z
1155,7572,352,148,10,2746,4678,36,2020-05-05T23:00:00.218Z
1156,7572,352,148,10,2746,4678,36,2020-05-06T00:00:00.208Z
1157,7572,0,148,0,2746,4678,36,2020-05-06T01:00:00.179Z
1158,7572,0,148,0,2746,4678,36,2020-05-06T02:00:00.211Z
1159,7572,0,148,0,2746,4678,36,2020-05-06T03:00:00.251Z
1160,7572,0,148,0,2746,4678,36,2020-05-06T04:00:00.266Z
1161,7572,0,148,0,2746,4678,36,2020-05-06T05:00:00.213Z
1162,7572,0,148,0,2746,4678,36,2020-05-06T06:00:00.189Z
1163,7572,0,148,0,2746,4678,36,2020-05-06T07:00:00.224Z
1164,7572,0,148,0,2746,4678,36,2020-05-06T08:00:00.216Z
1165,7572,0,148,0,2746,4678,36,2020-05-06T09:00:00.233Z
1166,7572,0,148,0,2746,4678,36,2020-05-06T09:00:00.666Z
1167,7572,0,148,0,2746,4678,36,2020-05-06T10:00:00.235Z
1168,7572,0,148,0,2746,4678,36,2020-05-06T10:00:09.342Z
1169,7572,0,148,0,2746,4678,36,2020-05-06T11:00:00.190Z
1170,7572,0,148,0,2746,4678,36,2020-05-06T11:00:01.632Z
1171,7572,0,148,0,2746,4678,36,2020-05-06T12:00:00.255Z
1172,7572,0,148,0,2746,4678,36,2020-05-06T12:00:00.772Z
1173,7572,0,148,0,2746,4678,36,2020-05-06T13:00:00.252Z
1174,7572,0,148,0,2746,4678,36,2020-05-06T13:00:00.775Z
1175,7572,0,148,0,2746,4678,36,2020-05-06T14:00:00.229Z
1176,7572,0,148,0,2746,4678,36,2020-05-06T14:31:20.818Z
1177,7572,0,148,0,2746,4678,36,2020-05-06T15:00:00.281Z
1178,7572,0,148,0,2746,4678,36,2020-05-06T15:12:38.238Z
1179,7572,0,148,0,2746,4678,36,2020-05-06T16:00:00.223Z
1180,7572,0,148,0,2746,4678,36,2020-05-06T16:00:00.630Z
1181,7572,0,148,0,2746,4678,36,2020-05-06T17:00:00.213Z
1182,7572,0,148,0,2746,4678,36,2020-05-06T17:00:49.384Z
1183,7572,0,148,0,2746,4678,36,2020-05-06T18:00:00.240Z
1184,7572,0,148,0,2746,4678,36,2020-05-06T19:00:00.185Z
1185,7572,0,148,0,2746,4678,36,2020-05-06T20:00:00.184Z
1186,7808,236,153,5,3153,4502,36,2020-05-06T21:00:01.695Z
1187,7808,236,153,5,3153,4502,36,2020-05-06T22:00:00.215Z
1188,7808,236,153,5,3153,4502,36,2020-05-06T23:00:00.210Z
1189,7808,236,153,5,3153,4502,36,2020-05-07T00:00:00.166Z
1190,7808,236,153,5,3153,4502,36,2020-05-07T01:00:00.211Z
1191,7808,0,153,0,3153,4502,36,2020-05-07T02:00:00.201Z
1192,7808,0,153,0,3153,4502,36,2020-05-07T03:00:00.247Z
1193,7808,0,153,0,3153,4502,36,2020-05-07T04:00:00.215Z
1194,7808,0,153,0,3153,4502,36,2020-05-07T05:00:00.213Z
1195,7808,0,153,0,3153,4502,36,2020-05-07T06:00:00.248Z
1196,7808,0,153,0,3153,4502,36,2020-05-07T07:00:00.252Z
1197,7808,0,153,0,3153,4502,36,2020-05-07T08:00:00.229Z
1198,7808,0,153,0,3153,4502,36,2020-05-07T09:00:00.223Z
1199,7808,0,153,0,3153,4502,36,2020-05-07T10:00:00.247Z
1200,7808,0,153,0,3153,4502,36,2020-05-07T11:00:00.225Z
1201,7808,0,153,0,3153,4502,36,2020-05-07T12:00:00.277Z
1202,7808,0,153,0,3153,4502,36,2020-05-07T13:00:00.180Z
1203,7808,0,153,0,3153,4502,36,2020-05-07T14:00:00.171Z
1204,7808,0,153,0,3153,4502,36,2020-05-07T15:00:00.530Z
1205,7808,0,153,0,3153,4502,36,2020-05-07T16:00:00.235Z
1206,7808,0,153,0,3153,4502,36,2020-05-07T17:00:00.210Z
1207,7808,0,153,0,3153,4502,36,2020-05-07T18:00:00.237Z
1208,8232,424,161,8,3153,4918,36,2020-05-07T19:00:00.213Z
1209,8232,424,161,8,3153,4918,36,2020-05-07T20:00:00.177Z
1210,8232,424,161,8,3153,4918,36,2020-05-07T21:00:00.190Z
1211,8232,424,161,8,3153,4918,36,2020-05-07T22:00:00.218Z
1212,8232,424,161,8,3153,4918,36,2020-05-07T23:00:00.177Z
1213,8232,424,161,8,3153,4918,36,2020-05-08T00:00:00.209Z
1214,8232,0,161,0,3153,4918,36,2020-05-08T01:00:00.208Z
1215,8232,0,161,0,3153,4918,36,2020-05-08T02:00:00.227Z
1216,8232,0,161,0,3153,4918,36,2020-05-08T03:00:00.244Z
1217,8232,0,161,0,3153,4918,36,2020-05-08T04:00:00.217Z
1218,8232,0,161,0,3153,4918,36,2020-05-08T05:00:00.269Z
1219,8232,0,161,0,3153,4918,36,2020-05-08T06:00:00.212Z
1220,8232,0,161,0,3153,4918,36,2020-05-08T07:00:00.176Z
1221,8232,0,161,0,3153,4918,36,2020-05-08T08:00:00.169Z
1222,8232,0,161,0,3153,4918,36,2020-05-08T09:00:00.179Z
1223,8232,0,161,0,3153,4918,36,2020-05-08T10:00:00.179Z
1224,8232,0,161,0,3153,4918,36,2020-05-08T11:00:00.190Z
1225,8232,0,161,0,3153,4918,36,2020-05-08T12:00:00.231Z
1226,8232,0,161,0,3153,4918,36,2020-05-08T13:00:00.181Z
1227,8232,0,161,0,3153,4918,36,2020-05-08T14:00:00.160Z
1228,8232,0,161,0,3153,4918,36,2020-05-08T15:00:00.220Z
1229,8232,0,161,0,3153,4918,36,2020-05-08T16:00:00.233Z
1230,8232,0,161,0,3153,4918,36,2020-05-08T17:00:00.180Z
1231,8232,0,161,0,3153,4918,36,2020-05-08T18:00:00.158Z
1232,8232,0,161,0,3153,4918,36,2020-05-08T19:00:00.223Z
1233,8232,0,161,0,3153,4918,61,2020-05-08T20:00:00.200Z
1234,8895,663,178,17,3153,5564,77,2020-05-08T21:00:00.209Z
1235,8895,663,178,17,3153,5564,77,2020-05-08T22:00:00.200Z
1236,8895,663,178,17,3153,5564,77,2020-05-08T23:00:00.249Z
1237,8895,663,178,17,3153,5564,77,2020-05-09T00:00:00.187Z
1238,8895,663,178,17,3153,5564,77,2020-05-09T01:00:00.238Z
1239,8895,0,178,0,3153,5564,77,2020-05-09T02:00:00.168Z
1240,8895,0,178,0,3153,5564,77,2020-05-09T03:00:00.165Z
1241,8895,0,178,0,3153,5564,77,2020-05-09T04:00:00.201Z
1242,8895,0,178,0,3153,5564,77,2020-05-09T05:00:00.249Z
1243,8895,0,178,0,3153,5564,77,2020-05-09T06:00:00.168Z
1244,8895,0,178,0,3153,5564,77,2020-05-09T07:00:00.199Z
1245,8895,0,178,0,3153,5564,77,2020-05-09T08:00:00.206Z
1246,8895,0,178,0,3153,5564,77,2020-05-09T09:00:00.238Z
1247,8895,0,178,0,3153,5564,77,2020-05-09T10:00:00.221Z
1248,8895,0,178,0,3153,5564,77,2020-05-09T11:00:00.179Z
1249,8895,0,178,0,3153,5564,77,2020-05-09T12:00:00.208Z
1250,8895,0,178,0,3153,5564,77,2020-05-09T13:00:00.212Z
1251,8895,0,178,0,3153,5564,77,2020-05-09T14:00:00.172Z
1252,9420,525,186,8,3983,5251,77,2020-05-09T15:00:00.195Z
1253,9420,525,186,8,3983,5251,77,2020-05-09T16:00:00.220Z
1254,9420,525,186,8,3983,5251,77,2020-05-09T17:00:00.235Z
1255,9420,525,186,8,3983,5251,77,2020-05-09T18:00:00.244Z
1256,9420,525,186,8,3983,5251,77,2020-05-09T19:00:00.212Z
1257,9420,525,186,8,3983,5251,77,2020-05-09T20:00:00.166Z
1258,9420,525,186,8,3983,5251,77,2020-05-09T21:00:00.223Z
1259,9420,525,186,8,3983,5251,77,2020-05-09T22:00:00.175Z
1260,9420,525,186,8,3983,5251,77,2020-05-09T23:00:00.255Z
1261,9420,525,186,8,3983,5251,77,2020-05-10T00:00:00.179Z
1262,9420,0,186,0,3983,5251,77,2020-05-10T01:00:00.254Z
1263,9420,0,186,0,3983,5251,77,2020-05-10T02:00:00.173Z
1264,9420,0,186,0,3983,5251,77,2020-05-10T03:00:00.210Z
1265,9420,0,186,0,3983,5251,77,2020-05-10T04:00:00.252Z
1266,9420,0,186,0,3983,5251,77,2020-05-10T05:00:00.217Z
1267,9420,0,186,0,3983,5251,77,2020-05-10T06:00:00.210Z
1268,9420,0,186,0,3983,5251,77,2020-05-10T07:00:00.210Z
1269,9420,0,186,0,3983,5251,77,2020-05-10T08:00:00.257Z
1270,9420,0,186,0,3983,5251,77,2020-05-10T09:00:00.220Z
1271,9420,0,186,0,3983,5251,77,2020-05-10T10:00:00.208Z
1272,9420,0,186,0,3983,5251,77,2020-05-10T11:00:00.228Z
1273,9420,0,186,0,3983,5251,77,2020-05-10T12:00:00.217Z
1274,9420,0,186,0,3983,5251,77,2020-05-10T13:00:00.196Z
1275,9420,0,186,0,3983,5251,77,2020-05-10T14:00:00.252Z
1276,9420,0,186,0,3983,5251,77,2020-05-10T15:00:00.224Z
1277,9420,0,186,0,3983,5251,77,2020-05-10T16:00:00.256Z
1278,9420,0,186,0,3983,5251,77,2020-05-10T17:00:00.239Z
1279,9420,0,186,0,3983,5251,77,2020-05-10T18:00:00.235Z
1280,10015,595,194,8,4173,5648,77,2020-05-10T19:00:00.226Z
1281,10015,595,194,8,4173,5648,77,2020-05-10T20:00:00.175Z
1282,10015,595,194,8,4173,5648,77,2020-05-10T21:00:00.221Z
1283,10015,595,194,8,4173,5648,77,2020-05-10T22:00:00.179Z
1284,10015,595,194,8,4173,5648,77,2020-05-10T23:00:00.247Z
1285,10015,595,194,8,4173,5648,77,2020-05-11T00:00:00.217Z
1286,10015,0,194,0,4173,5648,77,2020-05-11T01:00:00.284Z
1287,10015,0,194,0,4173,5648,77,2020-05-11T02:00:00.227Z
1288,10015,0,194,0,4173,5648,77,2020-05-11T03:00:00.176Z
1289,10015,0,194,0,4173,5648,77,2020-05-11T04:00:00.165Z
1290,10015,0,194,0,4173,5648,77,2020-05-11T05:00:00.176Z
1291,10015,0,194,0,4173,5648,77,2020-05-11T06:00:00.217Z
1292,10015,0,194,0,4173,5648,77,2020-05-11T07:00:00.284Z
1293,10015,0,194,0,4173,5648,77,2020-05-11T08:00:00.235Z
1294,10015,0,194,0,4173,5648,77,2020-05-11T09:00:00.177Z
1295,10015,0,194,0,4173,5648,77,2020-05-11T10:00:00.267Z
1296,10015,0,194,0,4173,5648,77,2020-05-11T11:00:00.220Z
1297,10015,0,194,0,4173,5648,77,2020-05-11T12:00:00.280Z
1298,10015,0,194,0,4173,5648,77,2020-05-11T13:00:00.182Z
1299,10015,0,194,0,4173,5648,77,2020-05-11T14:00:00.235Z
1300,10652,637,206,12,4357,6089,77,2020-05-11T15:00:00.204Z
1301,10652,637,206,12,4357,6089,77,2020-05-11T16:00:00.223Z
1302,10652,637,206,12,4357,6089,77,2020-05-11T17:00:00.228Z
1303,10652,637,206,12,4357,6089,77,2020-05-11T18:00:00.227Z
1304,10652,637,206,12,4357,6089,77,2020-05-11T19:00:00.222Z
1305,10652,637,206,12,4357,6089,77,2020-05-11T20:00:00.229Z
1306,10652,637,206,12,4357,6089,77,2020-05-11T21:00:00.190Z
1307,10652,637,206,12,4357,6089,77,2020-05-11T22:00:00.244Z
1308,10652,637,206,12,4357,6089,77,2020-05-11T23:00:00.250Z
1309,10652,637,206,12,4357,6089,77,2020-05-12T00:00:00.206Z
1310,10652,0,206,0,4357,6089,77,2020-05-12T01:00:00.203Z
1311,10652,0,206,0,4357,6089,77,2020-05-12T02:00:00.218Z
1312,10652,0,206,0,4357,6089,77,2020-05-12T03:00:00.209Z
1313,10652,0,206,0,4357,6089,77,2020-05-12T04:00:00.252Z
1314,10652,0,206,0,4357,6089,77,2020-05-12T05:00:00.231Z
1315,10652,0,206,0,4357,6089,77,2020-05-12T06:00:00.211Z
1316,10652,0,206,0,4357,6089,77,2020-05-12T07:00:00.263Z
1317,10652,0,206,0,4357,6089,77,2020-05-12T08:00:00.189Z
1318,10652,0,206,0,4357,6089,77,2020-05-12T09:00:00.218Z
1319,10652,0,206,0,4357,6089,77,2020-05-12T10:00:00.257Z
1320,10652,0,206,0,4357,6089,77,2020-05-12T11:00:00.176Z
1321,11350,698,206,0,4357,6787,77,2020-05-12T12:00:00.239Z
1322,11350,698,206,0,4357,6787,77,2020-05-12T13:00:00.232Z
1323,11350,698,206,0,4357,6787,77,2020-05-12T14:00:00.194Z
1324,11350,698,206,0,4357,6787,77,2020-05-12T15:00:00.280Z
1325,11350,698,206,0,4357,6787,77,2020-05-12T16:00:00.208Z
1326,11350,698,206,0,4357,6787,77,2020-05-12T17:00:00.533Z
1327,11350,698,206,0,4357,6787,77,2020-05-12T18:00:00.189Z
1328,11350,698,206,0,4357,6787,77,2020-05-12T19:00:00.215Z
1329,11350,698,206,0,4357,6787,77,2020-05-12T20:00:00.260Z
1330,11350,698,206,0,4357,6787,77,2020-05-12T21:00:00.188Z
1331,11350,698,206,0,4357,6787,77,2020-05-12T22:00:00.212Z
1332,11350,698,206,0,4357,6787,77,2020-05-12T23:00:00.215Z
1333,11350,698,206,0,4357,6787,77,2020-05-13T00:00:00.228Z
1334,11350,0,206,0,4357,6787,77,2020-05-13T01:00:00.225Z
1335,11350,0,206,0,4357,6787,77,2020-05-13T02:00:00.216Z
1336,11350,0,206,0,4357,6787,77,2020-05-13T03:00:00.209Z
1337,11350,0,206,0,4357,6787,77,2020-05-13T04:00:00.177Z
1338,11350,0,206,0,4357,6787,77,2020-05-13T05:00:00.254Z
1339,11350,0,206,0,4357,6787,77,2020-05-13T06:00:00.183Z
1340,11350,0,206,0,4357,6787,77,2020-05-13T07:00:00.221Z
1341,11350,0,206,0,4357,6787,77,2020-05-13T08:00:00.167Z
1342,11350,0,206,0,4357,6787,77,2020-05-13T09:00:00.221Z
1343,11350,0,206,0,4357,6787,77,2020-05-13T10:00:00.372Z
1344,11350,0,206,0,4357,6787,77,2020-05-13T11:00:00.255Z
1345,11350,0,206,0,4357,6787,77,2020-05-13T12:00:00.224Z
1346,11350,0,206,0,4357,6787,77,2020-05-13T13:00:00.220Z
1347,11350,0,206,0,4357,6787,77,2020-05-13T14:00:00.235Z
1348,11350,0,206,0,4357,6787,77,2020-05-13T15:00:00.219Z
1349,11350,0,206,0,4357,6787,77,2020-05-13T16:00:00.262Z
1350,11350,0,206,0,4357,6787,77,2020-05-13T17:00:00.208Z
1351,11350,0,206,0,4357,6787,77,2020-05-13T18:00:00.259Z
1352,11350,0,206,0,4357,6787,77,2020-05-13T19:00:00.269Z
1353,11350,0,206,0,4357,6787,77,2020-05-13T20:00:00.274Z
1354,12074,724,219,13,4745,7110,119,2020-05-13T21:00:00.232Z
1355,12074,724,219,13,4745,7110,119,2020-05-13T22:00:00.178Z
1356,12074,724,219,13,4745,7110,119,2020-05-13T23:00:00.217Z
1357,12074,724,219,13,4745,7110,119,2020-05-14T00:00:00.223Z
1358,12074,0,219,0,4745,7110,119,2020-05-14T01:00:00.207Z
1359,12074,0,219,0,4745,7110,119,2020-05-14T02:00:00.209Z
1360,12074,0,219,0,4745,7110,119,2020-05-14T03:00:00.235Z
1361,12074,0,219,0,4745,7110,119,2020-05-14T04:00:00.167Z
1362,12074,0,219,0,4745,7110,119,2020-05-14T05:00:00.249Z
1363,12074,0,219,0,4745,7110,119,2020-05-14T06:00:00.213Z
1364,12074,0,219,0,4745,7110,119,2020-05-14T07:00:00.259Z
1365,12074,0,219,0,4745,7110,119,2020-05-14T08:00:00.215Z
1366,12074,0,219,0,4745,7110,119,2020-05-14T09:00:00.273Z
1367,12074,0,219,0,4745,7110,119,2020-05-14T10:00:00.179Z
1368,12074,0,219,0,4745,7110,119,2020-05-14T11:00:00.267Z
1369,12074,0,219,0,4745,7110,119,2020-05-14T12:00:00.227Z
1370,12074,0,219,0,4745,7110,119,2020-05-14T13:00:00.173Z
1371,12074,0,219,0,4745,7110,119,2020-05-14T14:00:00.265Z
1372,12074,0,219,0,4745,7110,119,2020-05-14T15:00:00.223Z
1373,12074,0,219,0,4745,7110,119,2020-05-14T16:00:00.214Z
1374,12074,0,219,0,4745,7110,119,2020-05-14T17:00:00.257Z
1375,12739,665,238,19,5676,6825,119,2020-05-14T18:00:00.214Z
1376,12739,665,238,19,5676,6825,119,2020-05-14T19:00:00.216Z
1377,12739,665,238,19,5676,6825,119,2020-05-14T20:00:00.257Z
1378,12739,665,238,19,5676,6825,119,2020-05-14T21:00:00.191Z
1379,12739,665,238,19,5676,6825,119,2020-05-14T22:00:00.212Z
1380,12739,665,238,19,5676,6825,119,2020-05-14T23:00:00.213Z
1381,12739,665,238,19,5676,6825,119,2020-05-15T00:00:00.221Z
1382,12739,665,238,19,5676,6825,119,2020-05-15T01:00:00.246Z
1383,12739,0,238,0,5676,6825,119,2020-05-15T02:00:00.181Z
1384,12739,0,238,0,5676,6825,119,2020-05-15T03:00:00.192Z
1385,12739,0,238,0,5676,6825,119,2020-05-15T04:00:00.247Z
1386,12739,0,238,0,5676,6825,119,2020-05-15T05:00:00.236Z
1387,12739,0,238,0,5676,6825,119,2020-05-15T06:00:00.189Z
1388,12739,0,238,0,5676,6825,119,2020-05-15T07:00:00.240Z
1389,12739,0,238,0,5676,6825,119,2020-05-15T08:00:00.212Z
1390,12739,0,238,0,5676,6825,119,2020-05-15T09:00:00.750Z
1391,12739,0,238,0,5676,6825,119,2020-05-15T10:00:00.477Z
1392,12739,0,238,0,5676,6825,119,2020-05-15T11:00:00.204Z
1393,12739,0,238,0,5676,6825,119,2020-05-15T12:00:00.262Z
1394,12739,0,238,0,5676,6825,119,2020-05-15T13:00:00.217Z
1395,12739,0,238,0,5676,6825,119,2020-05-15T14:00:00.180Z
1396,12739,0,238,0,5676,6825,119,2020-05-15T15:00:00.181Z
1397,12739,0,238,0,5676,6825,119,2020-05-15T16:00:00.242Z
1398,12739,0,238,0,5676,6825,119,2020-05-15T17:00:00.243Z
1399,12739,0,238,0,5676,6825,119,2020-05-15T18:00:00.224Z
1400,13524,785,247,9,6083,7194,119,2020-05-15T19:00:00.196Z
1401,13524,785,247,9,6083,7194,119,2020-05-15T20:00:00.222Z
1402,13524,785,247,9,6083,7194,119,2020-05-15T21:00:00.219Z
1403,13524,785,247,9,6083,7194,119,2020-05-15T22:00:00.208Z
1404,13524,785,247,9,6083,7194,119,2020-05-15T23:00:00.172Z
1405,13524,785,247,9,6083,7194,119,2020-05-16T00:00:00.220Z
1406,13524,0,247,0,6083,7194,119,2020-05-16T01:00:00.223Z
1407,13524,0,247,0,6083,7194,119,2020-05-16T02:00:00.213Z
1408,13524,0,247,0,6083,7194,119,2020-05-16T03:00:00.210Z
1409,13524,0,247,0,6083,7194,119,2020-05-16T04:00:00.243Z
1410,13524,0,247,0,6083,7194,119,2020-05-16T05:00:00.176Z
1411,13524,0,247,0,6083,7194,119,2020-05-16T06:00:00.200Z
1412,13524,0,247,0,6083,7194,119,2020-05-16T07:00:00.275Z
1413,13524,0,247,0,6083,7194,119,2020-05-16T08:00:00.211Z
1414,13524,0,247,0,6083,7194,119,2020-05-16T09:00:00.216Z
1415,13524,0,247,0,6083,7194,119,2020-05-16T10:00:00.191Z
1416,13524,0,247,0,6083,7194,119,2020-05-16T11:00:00.250Z
1417,13524,0,247,0,6083,7194,119,2020-05-16T12:00:00.261Z
1418,13524,0,247,0,6083,7194,119,2020-05-16T13:00:00.251Z
1419,13524,0,247,0,6083,7194,119,2020-05-16T14:00:00.221Z
1420,13524,0,247,0,6083,7194,119,2020-05-16T15:00:00.210Z
1421,13524,0,247,0,6083,7194,119,2020-05-16T16:00:00.194Z
1422,13524,0,247,0,6083,7194,119,2020-05-16T17:00:00.251Z
1423,13524,0,247,0,6083,7194,119,2020-05-16T18:00:00.219Z
1424,13524,0,247,0,6083,7194,119,2020-05-16T19:00:00.223Z
1425,14355,831,261,14,6478,7616,119,2020-05-16T20:00:00.254Z
1426,14355,831,261,14,6478,7616,119,2020-05-16T21:00:00.226Z
1427,14355,831,261,14,6478,7616,119,2020-05-16T22:00:00.174Z
1428,14355,831,261,14,6478,7616,119,2020-05-16T23:00:00.213Z
1429,14355,831,261,14,6478,7616,119,2020-05-17T00:00:00.216Z
1430,14355,831,261,14,6478,7616,119,2020-05-17T01:00:00.174Z
1431,14355,0,261,0,6478,7616,119,2020-05-17T02:00:00.210Z
1432,14355,0,261,0,6478,7616,119,2020-05-17T03:00:00.215Z
1433,14355,0,261,0,6478,7616,119,2020-05-17T04:00:00.208Z
1434,14355,0,261,0,6478,7616,119,2020-05-17T05:00:00.208Z
1435,14355,0,261,0,6478,7616,119,2020-05-17T06:00:00.214Z
1436,14355,0,261,0,6478,7616,119,2020-05-17T07:00:00.266Z
1437,14355,0,261,0,6478,7616,119,2020-05-17T08:00:00.223Z
1438,14355,0,261,0,6478,7616,119,2020-05-17T09:00:00.217Z
1439,14355,0,261,0,6478,7616,119,2020-05-17T10:00:00.239Z
1440,14355,0,261,0,6478,7616,119,2020-05-17T11:00:00.200Z
1441,14355,0,261,0,6478,7616,119,2020-05-17T12:00:00.200Z
1442,14355,0,261,0,6478,7616,119,2020-05-17T13:00:00.215Z
1443,14355,0,261,0,6478,7616,119,2020-05-17T14:00:00.253Z
1444,14355,0,261,0,6478,7616,119,2020-05-17T15:00:00.225Z
1445,14355,0,261,0,6478,7616,119,2020-05-17T16:00:00.187Z
1446,14355,0,261,0,6478,7616,119,2020-05-17T17:00:00.228Z
1447,14355,0,261,0,6478,7616,119,2020-05-17T18:00:00.270Z
1448,14355,0,261,0,6478,7616,119,2020-05-17T19:00:00.196Z
1449,14355,0,261,0,6478,7616,119,2020-05-17T20:00:00.179Z
1450,15515,1160,264,3,7006,8245,119,2020-05-17T21:00:00.212Z
1451,15515,1160,264,3,7006,8245,119,2020-05-17T22:00:00.216Z
1452,15515,1160,264,3,7006,8245,119,2020-05-17T23:00:00.247Z
1453,15515,1160,264,3,7006,8245,119,2020-05-18T00:00:00.214Z
1454,15515,0,264,0,7006,8245,119,2020-05-18T01:00:00.242Z
1455,15515,0,264,0,7006,8245,119,2020-05-18T02:00:00.208Z
1456,15515,0,264,0,7006,8245,119,2020-05-18T03:00:00.178Z
1457,15515,0,264,0,7006,8245,119,2020-05-18T04:00:00.224Z
1458,15515,0,264,0,7006,8245,119,2020-05-18T05:00:00.185Z
1459,15515,0,264,0,7006,8245,119,2020-05-18T06:00:00.256Z
1460,15515,0,264,0,7006,8245,119,2020-05-18T07:00:00.248Z
1461,15515,0,264,0,7006,8245,119,2020-05-18T08:00:00.230Z
1462,15515,0,264,0,7006,8245,119,2020-05-18T09:00:00.215Z
1463,15515,0,264,0,7006,8245,119,2020-05-18T10:00:00.216Z
1464,15515,0,264,0,7006,8245,119,2020-05-18T11:00:00.179Z
1465,15515,0,264,0,7006,8245,119,2020-05-18T12:00:00.258Z
1466,15515,0,264,0,7006,8245,119,2020-05-18T13:00:00.225Z
1467,15515,0,264,0,7006,8245,119,2020-05-18T14:00:00.258Z
1468,15515,0,264,0,7006,8245,119,2020-05-18T15:00:00.214Z
1469,15515,0,264,0,7006,8245,119,2020-05-18T16:00:00.216Z
1470,15515,0,264,0,7006,8245,119,2020-05-18T17:00:00.227Z
1471,15515,0,264,0,7006,8245,119,2020-05-18T18:00:00.181Z
1472,15515,0,264,0,7006,8245,119,2020-05-18T19:00:00.228Z
1473,15515,0,264,0,7006,8245,119,2020-05-18T20:00:00.184Z
1474,16433,918,286,22,7298,8849,119,2020-05-18T21:00:00.219Z
1475,16433,918,286,22,7298,8849,119,2020-05-18T22:00:00.221Z
1476,16433,918,286,22,7298,8849,119,2020-05-18T23:00:00.216Z
1477,16433,918,286,22,7298,8849,119,2020-05-19T00:00:00.198Z
1478,16433,0,286,0,7298,8849,119,2020-05-19T01:00:00.224Z
1479,16433,0,286,0,7298,8849,119,2020-05-19T02:00:00.204Z
1480,16433,0,286,0,7298,8849,119,2020-05-19T03:00:00.214Z
1481,16433,0,286,0,7298,8849,119,2020-05-19T04:00:00.172Z
1482,16433,0,286,0,7298,8849,119,2020-05-19T05:00:00.177Z
1483,16433,0,286,0,7298,8849,119,2020-05-19T06:00:00.237Z
1484,16433,0,286,0,7298,8849,119,2020-05-19T07:00:00.195Z
1485,16433,0,286,0,7298,8849,119,2020-05-19T08:00:00.271Z
1486,16433,0,286,0,7298,8849,119,2020-05-19T09:00:00.256Z
1487,16433,0,286,0,7298,8849,119,2020-05-19T10:00:00.233Z
1488,16433,0,286,0,7298,8849,119,2020-05-19T11:00:00.261Z
1489,16433,0,286,0,7298,8849,119,2020-05-19T12:00:00.248Z
1490,16433,0,286,0,7298,8849,119,2020-05-19T13:00:00.260Z
1491,16433,0,286,0,7298,8849,119,2020-05-19T14:00:00.231Z
1492,16433,0,286,0,7298,8849,119,2020-05-19T15:00:00.218Z
1493,16433,0,286,0,7298,8849,119,2020-05-19T16:00:00.222Z
1494,16433,0,286,0,7298,8849,119,2020-05-19T17:00:00.209Z
1495,16433,0,286,0,7298,8849,119,2020-05-19T18:00:00.252Z
1496,16433,0,286,0,7298,8849,119,2020-05-19T19:00:00.212Z
1497,17200,767,312,26,7960,8928,119,2020-05-19T20:00:00.223Z
1498,17200,767,312,26,7960,8928,119,2020-05-19T21:00:00.219Z
1499,17200,767,312,26,7960,8928,119,2020-05-19T22:00:00.246Z
1500,17200,767,312,26,7960,8928,119,2020-05-19T23:00:00.209Z
1501,17200,767,312,26,7960,8928,119,2020-05-20T00:00:00.240Z
1502,17200,767,312,26,7960,8928,119,2020-05-20T01:00:00.213Z
1503,17200,0,312,0,7960,8928,119,2020-05-20T02:00:00.209Z
1504,17200,0,312,0,7960,8928,119,2020-05-20T03:00:00.211Z
1505,17200,0,312,0,7960,8928,119,2020-05-20T04:00:00.185Z
1506,17200,0,312,0,7960,8928,119,2020-05-20T05:00:00.211Z
1507,17200,0,312,0,7960,8928,119,2020-05-20T06:00:00.219Z
1508,17200,0,312,0,7960,8928,119,2020-05-20T07:00:00.260Z
1509,17200,0,312,0,7960,8928,119,2020-05-20T08:00:00.261Z
1510,17200,0,312,0,7960,8928,119,2020-05-20T09:00:00.252Z
1511,17200,0,312,0,7960,8928,119,2020-05-20T10:00:00.226Z
1512,17200,0,312,0,7960,8928,119,2020-05-20T11:00:00.236Z
1513,17200,0,312,0,7960,8928,119,2020-05-20T12:00:00.218Z
1514,17200,0,312,0,7960,8928,119,2020-05-20T13:00:00.183Z
1515,17200,0,312,0,7960,8928,119,2020-05-20T14:00:00.269Z
1516,17200,0,312,0,7960,8928,119,2020-05-20T15:00:00.192Z
1517,17200,0,312,0,7960,8928,119,2020-05-20T16:00:00.193Z
1518,17200,0,312,0,7960,8928,119,2020-05-20T17:00:00.230Z
1519,17200,0,312,0,7960,8928,119,2020-05-20T18:00:00.185Z
1520,18003,803,339,27,8950,8714,119,2020-05-20T19:00:00.222Z
1521,18003,803,339,27,8950,8714,119,2020-05-20T20:00:00.233Z
1522,18003,803,339,27,8950,8714,119,2020-05-20T21:00:00.249Z
1523,18003,803,339,27,8950,8714,119,2020-05-20T22:00:00.187Z
1524,18003,803,339,27,8950,8714,119,2020-05-20T23:00:00.184Z
1525,18003,803,339,27,8950,8714,119,2020-05-21T00:00:00.217Z
1526,18003,803,339,27,8950,8714,119,2020-05-21T01:00:00.255Z
1527,18003,0,339,0,8950,8714,119,2020-05-21T02:00:00.216Z
1528,18003,0,339,0,8950,8714,119,2020-05-21T03:00:00.244Z
1529,18003,0,339,0,8950,8714,119,2020-05-21T04:00:00.249Z
1530,18003,0,339,0,8950,8714,119,2020-05-21T05:00:00.203Z
1531,18003,0,339,0,8950,8714,119,2020-05-21T06:00:00.220Z
1532,18003,0,339,0,8950,8714,119,2020-05-21T07:00:00.220Z
1533,18003,0,339,0,8950,8714,119,2020-05-21T08:00:00.184Z
1534,18003,0,339,0,8950,8714,119,2020-05-21T09:00:00.261Z
1535,18003,0,339,0,8950,8714,119,2020-05-21T10:00:00.262Z
1536,18003,0,339,0,8950,8714,119,2020-05-21T11:00:00.178Z
1537,18003,0,339,0,8950,8714,119,2020-05-21T12:00:00.192Z
1538,18003,0,339,0,8950,8714,119,2020-05-21T13:00:00.195Z
1539,19137,1134,369,30,8950,9818,119,2020-05-21T14:00:00.189Z
1540,19137,1134,369,30,8950,9818,119,2020-05-21T15:00:00.210Z
1541,19137,1134,369,30,8950,9818,119,2020-05-21T16:00:00.216Z
1542,19137,1134,369,30,8950,9818,119,2020-05-21T17:00:00.213Z
1543,19137,1134,369,30,8950,9818,119,2020-05-21T18:00:00.233Z
1544,19137,1134,369,30,8950,9818,119,2020-05-21T19:00:00.266Z
1545,19137,1134,369,30,8950,9818,119,2020-05-21T20:00:00.190Z
1546,19137,1134,369,30,8950,9818,119,2020-05-21T21:00:00.188Z
1547,19137,1134,369,30,8950,9818,119,2020-05-21T22:00:00.180Z
1548,19137,1134,369,30,8950,9818,119,2020-05-21T23:00:00.168Z
1549,19137,1134,369,30,8950,9818,119,2020-05-22T00:00:00.246Z
1550,19137,1134,369,30,8950,9818,119,2020-05-22T01:00:00.241Z
1551,19137,0,369,0,8950,9818,119,2020-05-22T02:00:00.203Z
1552,19137,0,369,0,8950,9818,119,2020-05-22T03:00:00.205Z
1553,19137,0,369,0,8950,9818,119,2020-05-22T04:00:00.241Z
1554,19137,0,369,0,8950,9818,119,2020-05-22T05:00:00.249Z
1555,19137,0,369,0,8950,9818,119,2020-05-22T06:00:00.234Z
1556,19137,0,369,0,8950,9818,119,2020-05-22T07:00:00.212Z
1557,19137,0,369,0,8950,9818,119,2020-05-22T08:00:00.179Z
1558,19137,0,369,0,8950,9818,119,2020-05-22T09:00:00.256Z
1559,19137,0,369,0,8950,9818,119,2020-05-22T10:00:00.229Z
1560,19137,0,369,0,8950,9818,119,2020-05-22T11:00:00.253Z
1561,19137,0,369,0,8950,9818,119,2020-05-22T12:00:00.254Z
1562,19137,0,369,0,8950,9818,119,2020-05-22T13:00:00.216Z
1563,19137,0,369,0,8950,9818,119,2020-05-22T14:00:00.187Z
1564,19137,0,369,0,8950,9818,119,2020-05-22T15:00:00.189Z
1565,19137,0,369,0,8950,9818,119,2020-05-22T16:00:00.268Z
1566,19137,0,369,0,8950,9818,119,2020-05-22T17:00:00.191Z
1567,20125,988,397,28,10104,9624,119,2020-05-22T18:00:00.228Z
1568,20125,988,397,28,10104,9624,119,2020-05-22T19:00:00.256Z
1569,20125,988,397,28,10104,9624,119,2020-05-22T20:00:00.230Z
1570,20125,988,397,28,10104,9624,119,2020-05-22T21:00:00.197Z
1571,20125,988,397,28,10104,9624,119,2020-05-22T22:00:00.179Z
1572,20125,988,397,28,10104,9624,119,2020-05-22T23:00:00.210Z
1573,20125,988,397,28,10104,9624,119,2020-05-23T00:00:00.216Z
1574,20125,988,397,28,10104,9624,119,2020-05-23T01:00:00.208Z
1575,20125,0,397,0,10104,9624,119,2020-05-23T02:00:00.204Z
1576,20125,0,397,0,10104,9624,119,2020-05-23T03:00:00.201Z
1577,20125,0,397,0,10104,9624,119,2020-05-23T04:00:00.232Z
1578,20125,0,397,0,10104,9624,119,2020-05-23T05:00:00.216Z
1579,20125,0,397,0,10104,9624,119,2020-05-23T06:00:00.227Z
1580,20125,0,397,0,10104,9624,119,2020-05-23T07:00:00.220Z
1581,20125,0,397,0,10104,9624,119,2020-05-23T08:00:00.213Z
1582,20125,0,397,0,10104,9624,119,2020-05-23T09:00:00.263Z
1583,20125,0,397,0,10104,9624,119,2020-05-23T10:00:00.193Z
1584,20125,0,397,0,10104,9624,119,2020-05-23T11:00:00.258Z
1585,20125,0,397,0,10104,9624,119,2020-05-23T12:00:00.185Z
1586,20125,0,397,0,10104,9624,119,2020-05-23T13:00:00.247Z
1587,20125,0,397,0,10104,9624,119,2020-05-23T14:00:00.255Z
1588,20125,0,397,0,10104,9624,119,2020-05-23T15:00:00.256Z
1589,20125,0,397,0,10104,9624,119,2020-05-23T16:00:00.179Z
1590,20125,0,397,0,10104,9624,119,2020-05-23T17:00:00.188Z
1591,20125,0,397,0,10104,9624,119,2020-05-23T18:00:00.255Z
1592,20125,0,397,0,10104,9624,119,2020-05-23T19:00:00.179Z
1593,21343,1218,407,10,10104,10832,119,2020-05-23T20:00:00.263Z
1594,21343,1218,407,10,10104,10832,119,2020-05-23T21:00:00.218Z
1595,21343,1218,407,10,10104,10832,119,2020-05-23T22:00:00.278Z
1596,21343,1218,407,10,10104,10832,119,2020-05-23T23:00:00.180Z
1597,21343,1218,407,10,10104,10832,119,2020-05-24T00:00:00.217Z
1598,21343,0,407,0,10104,10832,119,2020-05-24T01:00:00.216Z
1599,21343,0,407,0,10104,10832,119,2020-05-24T02:00:00.170Z
1600,21343,0,407,0,10104,10832,119,2020-05-24T03:00:00.272Z
1601,21343,0,407,0,10104,10832,119,2020-05-24T04:00:00.254Z
1602,21343,0,407,0,10104,10832,119,2020-05-24T05:00:00.207Z
1603,21343,0,407,0,10104,10832,119,2020-05-24T06:00:00.171Z
1604,21343,0,407,0,10104,10832,119,2020-05-24T07:00:00.228Z
1605,21343,0,407,0,10104,10832,119,2020-05-24T08:00:00.194Z
1606,21343,0,407,0,10104,10832,119,2020-05-24T09:00:00.177Z
1607,21343,0,407,0,10104,10832,119,2020-05-24T10:00:00.192Z
1608,21343,0,407,0,10104,10832,119,2020-05-24T11:00:00.230Z
1609,21343,0,407,0,10104,10832,119,2020-05-24T12:00:00.216Z
1610,21343,0,407,0,10104,10832,119,2020-05-24T13:00:00.193Z
1611,21343,0,407,0,10104,10832,119,2020-05-24T14:00:00.186Z
1612,21343,0,407,0,10104,10832,119,2020-05-24T15:00:00.242Z
1613,21343,0,407,0,10104,10832,119,2020-05-24T16:00:00.185Z
1614,21343,0,407,0,10104,10832,119,2020-05-24T17:00:00.186Z
1615,22583,1240,429,22,10104,12050,128,2020-05-24T18:00:00.232Z
1616,22583,1240,429,22,10104,12050,128,2020-05-24T19:00:00.221Z
1617,22583,1240,429,22,11100,11054,128,2020-05-24T20:00:00.222Z
1618,22583,1240,429,22,11100,11054,128,2020-05-24T22:00:00.259Z
1619,22583,1240,429,22,11100,11054,128,2020-05-24T23:00:00.184Z
1620,22583,1240,429,22,11100,11054,128,2020-05-25T00:00:00.232Z
1621,22583,0,429,0,11100,11054,128,2020-05-25T01:00:00.247Z
1622,22583,0,429,0,11100,11054,128,2020-05-25T02:00:00.240Z
1623,22583,0,429,0,11100,11054,128,2020-05-25T03:00:00.204Z
1624,22583,0,429,0,11100,11054,128,2020-05-25T04:00:00.219Z
1625,22583,0,429,0,11100,11054,128,2020-05-25T05:00:00.216Z
1626,22583,0,429,0,11100,11054,128,2020-05-25T06:00:00.209Z
1627,22583,0,429,0,11100,11054,128,2020-05-25T07:00:00.235Z
1628,22583,0,429,0,11100,11054,128,2020-05-25T08:00:00.233Z
1629,22583,0,429,0,11100,11054,128,2020-05-25T09:00:00.193Z
1630,22583,0,429,0,11100,11054,128,2020-05-25T10:00:00.237Z
1631,22583,0,429,0,11100,11054,128,2020-05-25T11:00:00.221Z
1632,22583,0,429,0,11100,11054,128,2020-05-25T12:00:00.258Z
1633,22583,0,429,0,11100,11054,128,2020-05-25T13:00:00.261Z
1634,22583,0,429,0,11100,11054,128,2020-05-25T14:00:00.194Z
1635,22583,0,429,0,11100,11054,128,2020-05-25T15:00:00.258Z
1636,22583,0,429,0,11100,11054,128,2020-05-25T16:00:00.228Z
1637,22583,0,429,0,11100,11054,128,2020-05-25T17:00:00.219Z
1638,22583,0,429,0,11100,11054,128,2020-05-25T18:00:00.223Z
1639,22583,0,429,0,11100,11054,128,2020-05-25T19:00:00.224Z
1640,23615,1032,481,52,11917,11217,128,2020-05-25T20:00:00.218Z
1641,23615,1032,481,52,11917,11217,128,2020-05-25T21:00:00.229Z
1642,23615,1032,481,52,11917,11217,128,2020-05-25T22:00:00.217Z
1643,23615,1032,481,52,11917,11217,128,2020-05-25T23:00:00.206Z
1644,23615,1032,481,52,11917,11217,128,2020-05-26T00:00:00.209Z
1645,23615,0,481,0,11917,11217,128,2020-05-26T01:00:00.203Z
1646,23615,0,481,0,11917,11217,128,2020-05-26T02:00:00.219Z
1647,23615,0,481,0,11917,11217,128,2020-05-26T03:00:00.210Z
1648,23615,0,481,0,11917,11217,128,2020-05-26T04:00:00.211Z
1649,23615,0,481,0,11917,11217,128,2020-05-26T05:00:00.247Z
1650,23615,0,481,0,11917,11217,128,2020-05-26T06:00:00.238Z
1651,23615,0,481,0,11917,11217,128,2020-05-26T07:00:00.268Z
